,elementwise_accuracy,full_sequence_accuracy,teacher_forcing_accuracy,trial,noise level,model
0,0.999865,0.99945,0.999945,0,0.0,Transformer
1,0.999865,0.99945,0.999945,1,0.0,Transformer
2,0.999865,0.99945,0.999945,2,0.0,Transformer
3,0.999865,0.99945,0.999945,3,0.0,Transformer
4,0.999865,0.99945,0.999945,4,0.0,Transformer
5,0.99981,0.9991,0.99991,0,0.02040816326530612,Transformer
6,0.999805,0.99925,0.999925,1,0.02040816326530612,Transformer
7,0.99971,0.9988,0.99988,2,0.02040816326530612,Transformer
8,0.999745,0.99885,0.999885,3,0.02040816326530612,Transformer
9,0.999685,0.9986,0.99986,4,0.02040816326530612,Transformer
10,0.99873,0.9937,0.99937,0,0.04081632653061224,Transformer
11,0.998215,0.99115,0.999115,1,0.04081632653061224,Transformer
12,0.999555,0.9978,0.99978,2,0.04081632653061224,Transformer
13,0.99825,0.99145,0.999145,3,0.04081632653061224,Transformer
14,0.99933,0.9967,0.99967,4,0.04081632653061224,Transformer
15,0.996745,0.9842,0.998405,0,0.061224489795918366,Transformer
16,0.99294,0.96575,0.99646,1,0.061224489795918366,Transformer
17,0.99345,0.9675,0.996715,2,0.061224489795918366,Transformer
18,0.995435,0.9775,0.99772,3,0.061224489795918366,Transformer
19,0.997115,0.9864,0.998605,4,0.061224489795918366,Transformer
20,0.98836,0.94375,0.994225,0,0.08163265306122448,Transformer
21,0.970095,0.85945,0.984985,1,0.08163265306122448,Transformer
22,0.971415,0.89205,0.988545,2,0.08163265306122448,Transformer
23,0.987025,0.93655,0.993555,3,0.08163265306122448,Transformer
24,0.95044,0.77255,0.975645,4,0.08163265306122448,Transformer
25,0.898215,0.6432,0.951375,0,0.1020408163265306,Transformer
26,0.971785,0.86685,0.985735,1,0.1020408163265306,Transformer
27,0.954285,0.79405,0.978235,2,0.1020408163265306,Transformer
28,0.93921,0.74045,0.97096,3,0.1020408163265306,Transformer
29,0.959255,0.85455,0.98413,4,0.1020408163265306,Transformer
30,0.931555,0.7074,0.96606,0,0.12244897959183673,Transformer
31,0.925515,0.75215,0.971655,1,0.12244897959183673,Transformer
32,0.92543,0.72345,0.969035,2,0.12244897959183673,Transformer
33,0.823015,0.4989,0.922705,3,0.12244897959183673,Transformer
34,0.90423,0.6023,0.94797,4,0.12244897959183673,Transformer
35,0.810785,0.4263,0.916395,0,0.14285714285714285,Transformer
36,0.901165,0.59605,0.950335,1,0.14285714285714285,Transformer
37,0.85987,0.5392,0.926375,2,0.14285714285714285,Transformer
38,0.58667,0.27125,0.85237,3,0.14285714285714285,Transformer
39,0.68044,0.242,0.798805,4,0.14285714285714285,Transformer
40,0.59756,0.2298,0.84029,0,0.16326530612244897,Transformer
41,0.775725,0.4365,0.893355,1,0.16326530612244897,Transformer
42,0.73478,0.3222,0.85582,2,0.16326530612244897,Transformer
43,0.615135,0.1213,0.78341,3,0.16326530612244897,Transformer
44,0.73835,0.27835,0.868985,4,0.16326530612244897,Transformer
45,0.60626,0.1132,0.766355,0,0.18367346938775508,Transformer
46,0.749165,0.28225,0.876335,1,0.18367346938775508,Transformer
47,0.68853,0.16345,0.832165,2,0.18367346938775508,Transformer
48,0.51797,0.09865,0.74234,3,0.18367346938775508,Transformer
49,0.62742,0.187,0.823705,4,0.18367346938775508,Transformer
50,0.41026,0.08425,0.7193,0,0.2040816326530612,Transformer
51,0.70429,0.2589,0.867595,1,0.2040816326530612,Transformer
52,0.41421,0.02425,0.65016,2,0.2040816326530612,Transformer
53,0.53452,0.07465,0.7492,3,0.2040816326530612,Transformer
54,0.502915,0.0966,0.74486,4,0.2040816326530612,Transformer
55,0.373415,0.01735,0.576745,0,0.22448979591836732,Transformer
56,0.400965,0.0287,0.66813,1,0.22448979591836732,Transformer
57,0.45642,0.0427,0.68812,2,0.22448979591836732,Transformer
58,0.39001,0.02275,0.62402,3,0.22448979591836732,Transformer
59,0.51046,0.07575,0.70671,4,0.22448979591836732,Transformer
60,0.5557,0.08545,0.753105,0,0.24489795918367346,Transformer
61,0.415825,0.0297,0.648395,1,0.24489795918367346,Transformer
62,0.537335,0.1174,0.739815,2,0.24489795918367346,Transformer
63,0.4201,0.0304,0.6406,3,0.24489795918367346,Transformer
64,0.354485,0.01865,0.61332,4,0.24489795918367346,Transformer
65,0.477545,0.0315,0.65765,0,0.26530612244897955,Transformer
66,0.429045,0.02065,0.650035,1,0.26530612244897955,Transformer
67,0.472965,0.0692,0.69918,2,0.26530612244897955,Transformer
68,0.37715,0.0176,0.63253,3,0.26530612244897955,Transformer
69,0.38442,0.01135,0.60524,4,0.26530612244897955,Transformer
70,0.438045,0.01415,0.64918,0,0.2857142857142857,Transformer
71,0.386455,0.0216,0.616215,1,0.2857142857142857,Transformer
72,0.338985,0.0068,0.585215,2,0.2857142857142857,Transformer
73,0.46092,0.0319,0.66473,3,0.2857142857142857,Transformer
74,0.35395,0.00465,0.577225,4,0.2857142857142857,Transformer
75,0.35746,0.0097,0.559175,0,0.3061224489795918,Transformer
76,0.33592,0.00635,0.53834,1,0.3061224489795918,Transformer
77,0.3394,0.0043,0.531275,2,0.3061224489795918,Transformer
78,0.301135,0.00455,0.516765,3,0.3061224489795918,Transformer
79,0.378515,0.01045,0.5703,4,0.3061224489795918,Transformer
80,0.287975,0.0023,0.50531,0,0.32653061224489793,Transformer
81,0.267675,0.00195,0.4761,1,0.32653061224489793,Transformer
82,0.347105,0.00295,0.56267,2,0.32653061224489793,Transformer
83,0.298955,0.00525,0.51094,3,0.32653061224489793,Transformer
84,0.28165,0.00175,0.478895,4,0.32653061224489793,Transformer
85,0.283955,0.00245,0.50023,0,0.3469387755102041,Transformer
86,0.36407,0.00845,0.582,1,0.3469387755102041,Transformer
87,0.214815,0.00035,0.401325,2,0.3469387755102041,Transformer
88,0.372325,0.0102,0.59149,3,0.3469387755102041,Transformer
89,0.26467,0.00125,0.48642,4,0.3469387755102041,Transformer
90,0.236645,0.0006,0.453525,0,0.36734693877551017,Transformer
91,0.27147,0.00165,0.48766,1,0.36734693877551017,Transformer
92,0.269725,0.00455,0.5006,2,0.36734693877551017,Transformer
93,0.255905,0.00085,0.464665,3,0.36734693877551017,Transformer
94,0.294035,0.00505,0.504165,4,0.36734693877551017,Transformer
95,0.324055,0.0018,0.542575,0,0.3877551020408163,Transformer
96,0.21402,0.0003,0.427785,1,0.3877551020408163,Transformer
97,0.235835,0.0008,0.46446,2,0.3877551020408163,Transformer
98,0.2279,0.0001,0.41278,3,0.3877551020408163,Transformer
99,0.30262,0.00095,0.497415,4,0.3877551020408163,Transformer
100,0.258295,0.0005,0.46233,0,0.4081632653061224,Transformer
101,0.25258,0.0005,0.454095,1,0.4081632653061224,Transformer
102,0.22466,0.00055,0.43636,2,0.4081632653061224,Transformer
103,0.207635,0.0002,0.420285,3,0.4081632653061224,Transformer
104,0.20458,0.0002,0.424265,4,0.4081632653061224,Transformer
105,0.23899,0.00055,0.441725,0,0.42857142857142855,Transformer
106,0.195655,0.0002,0.401885,1,0.42857142857142855,Transformer
107,0.23819,0.0005,0.44755,2,0.42857142857142855,Transformer
108,0.229105,0.0007,0.44536,3,0.42857142857142855,Transformer
109,0.174145,0.0001,0.382555,4,0.42857142857142855,Transformer
110,0.26234,0.0016,0.494425,0,0.44897959183673464,Transformer
111,0.168845,0.0,0.374905,1,0.44897959183673464,Transformer
112,0.20257,0.00015,0.406145,2,0.44897959183673464,Transformer
113,0.20276,0.0001,0.427975,3,0.44897959183673464,Transformer
114,0.1863,0.00015,0.38016,4,0.44897959183673464,Transformer
115,0.215885,0.0001,0.41988,0,0.4693877551020408,Transformer
116,0.17853,5e-05,0.38592,1,0.4693877551020408,Transformer
117,0.250925,0.00055,0.465765,2,0.4693877551020408,Transformer
118,0.26192,0.0008,0.46507,3,0.4693877551020408,Transformer
119,0.205695,0.0003,0.406535,4,0.4693877551020408,Transformer
120,0.15749,0.0,0.36519,0,0.4897959183673469,Transformer
121,0.163225,5e-05,0.361155,1,0.4897959183673469,Transformer
122,0.19294,0.0,0.392595,2,0.4897959183673469,Transformer
123,0.112875,0.0,0.29976,3,0.4897959183673469,Transformer
124,0.201495,0.0002,0.3849,4,0.4897959183673469,Transformer
125,0.17316,0.0,0.365605,0,0.5102040816326531,Transformer
126,0.187565,0.00015,0.37942,1,0.5102040816326531,Transformer
127,0.147495,0.0,0.34684,2,0.5102040816326531,Transformer
128,0.180865,0.0001,0.385055,3,0.5102040816326531,Transformer
129,0.190805,0.00015,0.386615,4,0.5102040816326531,Transformer
130,0.211455,0.0001,0.40881,0,0.5306122448979591,Transformer
131,0.21283,0.0002,0.417015,1,0.5306122448979591,Transformer
132,0.162385,0.0,0.35507,2,0.5306122448979591,Transformer
133,0.189315,0.00015,0.39083,3,0.5306122448979591,Transformer
134,0.15943,0.0,0.356925,4,0.5306122448979591,Transformer
135,0.141365,0.0,0.325355,0,0.5510204081632653,Transformer
136,0.15886,0.0001,0.361855,1,0.5510204081632653,Transformer
137,0.175965,5e-05,0.372635,2,0.5510204081632653,Transformer
138,0.187215,5e-05,0.400305,3,0.5510204081632653,Transformer
139,0.181785,5e-05,0.385215,4,0.5510204081632653,Transformer
140,0.197555,5e-05,0.400235,0,0.5714285714285714,Transformer
141,0.195745,0.0,0.40053,1,0.5714285714285714,Transformer
142,0.180225,5e-05,0.38854,2,0.5714285714285714,Transformer
143,0.178565,0.0001,0.381915,3,0.5714285714285714,Transformer
144,0.1656,0.0,0.362775,4,0.5714285714285714,Transformer
145,0.158585,5e-05,0.35971,0,0.5918367346938775,Transformer
146,0.13117,0.0,0.333855,1,0.5918367346938775,Transformer
147,0.156825,0.0,0.35687,2,0.5918367346938775,Transformer
148,0.14201,0.0,0.33677,3,0.5918367346938775,Transformer
149,0.154745,0.0,0.36191,4,0.5918367346938775,Transformer
150,0.150585,0.0,0.34324,0,0.6122448979591836,Transformer
151,0.167305,0.0,0.369905,1,0.6122448979591836,Transformer
152,0.16422,5e-05,0.369005,2,0.6122448979591836,Transformer
153,0.160835,0.0,0.360225,3,0.6122448979591836,Transformer
154,0.15317,0.0,0.355695,4,0.6122448979591836,Transformer
155,0.154,0.0,0.34529,0,0.6326530612244897,Transformer
156,0.145755,0.0,0.337695,1,0.6326530612244897,Transformer
157,0.16165,0.0,0.359525,2,0.6326530612244897,Transformer
158,0.153935,0.0,0.341775,3,0.6326530612244897,Transformer
159,0.177605,0.0,0.385305,4,0.6326530612244897,Transformer
160,0.143605,0.0,0.344155,0,0.6530612244897959,Transformer
161,0.136605,0.0,0.33362,1,0.6530612244897959,Transformer
162,0.14598,5e-05,0.35022,2,0.6530612244897959,Transformer
163,0.1429,0.0,0.34526,3,0.6530612244897959,Transformer
164,0.127935,0.0,0.323465,4,0.6530612244897959,Transformer
165,0.119825,0.0,0.30818,0,0.673469387755102,Transformer
166,0.14154,0.0,0.34173,1,0.673469387755102,Transformer
167,0.170595,0.0,0.362395,2,0.673469387755102,Transformer
168,0.11898,0.0,0.30413,3,0.673469387755102,Transformer
169,0.13289,0.0,0.31587,4,0.673469387755102,Transformer
170,0.15902,5e-05,0.360905,0,0.6938775510204082,Transformer
171,0.129315,0.0,0.31721,1,0.6938775510204082,Transformer
172,0.107635,0.0,0.294595,2,0.6938775510204082,Transformer
173,0.126675,0.0,0.323235,3,0.6938775510204082,Transformer
174,0.112635,0.0,0.307455,4,0.6938775510204082,Transformer
175,0.138485,0.0,0.32458,0,0.7142857142857142,Transformer
176,0.114755,0.0,0.30674,1,0.7142857142857142,Transformer
177,0.13291,0.0,0.31392,2,0.7142857142857142,Transformer
178,0.126695,0.0,0.322705,3,0.7142857142857142,Transformer
179,0.146705,0.0,0.34355,4,0.7142857142857142,Transformer
180,0.11422,0.0,0.300805,0,0.7346938775510203,Transformer
181,0.136455,0.0,0.325035,1,0.7346938775510203,Transformer
182,0.125555,0.0,0.32124,2,0.7346938775510203,Transformer
183,0.154665,0.0,0.34969,3,0.7346938775510203,Transformer
184,0.155485,0.0,0.3601,4,0.7346938775510203,Transformer
185,0.147345,5e-05,0.35419,0,0.7551020408163265,Transformer
186,0.139385,0.0,0.333145,1,0.7551020408163265,Transformer
187,0.1912,0.0,0.398735,2,0.7551020408163265,Transformer
188,0.11322,0.0,0.3051,3,0.7551020408163265,Transformer
189,0.13886,0.0,0.336025,4,0.7551020408163265,Transformer
190,0.108505,0.0,0.301265,0,0.7755102040816326,Transformer
191,0.16745,0.0,0.37361,1,0.7755102040816326,Transformer
192,0.129825,0.0,0.32174,2,0.7755102040816326,Transformer
193,0.1337,0.0,0.33464,3,0.7755102040816326,Transformer
194,0.124365,0.0,0.32266,4,0.7755102040816326,Transformer
195,0.139275,5e-05,0.32608,0,0.7959183673469387,Transformer
196,0.141225,0.0,0.34019,1,0.7959183673469387,Transformer
197,0.10831,0.0,0.29808,2,0.7959183673469387,Transformer
198,0.119115,0.0,0.300065,3,0.7959183673469387,Transformer
199,0.137695,0.0,0.34451,4,0.7959183673469387,Transformer
200,0.127545,0.0,0.323265,0,0.8163265306122448,Transformer
201,0.15159,0.0,0.33783,1,0.8163265306122448,Transformer
202,0.140565,0.0,0.339865,2,0.8163265306122448,Transformer
203,0.115515,0.0,0.299535,3,0.8163265306122448,Transformer
204,0.137485,0.0,0.34231,4,0.8163265306122448,Transformer
205,0.132075,0.0,0.324865,0,0.836734693877551,Transformer
206,0.131905,0.0,0.321135,1,0.836734693877551,Transformer
207,0.135255,0.0,0.33811,2,0.836734693877551,Transformer
208,0.122735,0.0,0.311345,3,0.836734693877551,Transformer
209,0.137865,0.0,0.33578,4,0.836734693877551,Transformer
210,0.119365,0.0,0.31842,0,0.8571428571428571,Transformer
211,0.113955,0.0,0.303445,1,0.8571428571428571,Transformer
212,0.137305,0.0,0.319155,2,0.8571428571428571,Transformer
213,0.13219,0.0,0.335995,3,0.8571428571428571,Transformer
214,0.12497,0.0,0.315425,4,0.8571428571428571,Transformer
215,0.115865,0.0,0.31207,0,0.8775510204081632,Transformer
216,0.12993,0.0,0.32627,1,0.8775510204081632,Transformer
217,0.11198,0.0,0.304315,2,0.8775510204081632,Transformer
218,0.123235,0.0,0.315855,3,0.8775510204081632,Transformer
219,0.142955,0.0,0.33211,4,0.8775510204081632,Transformer
220,0.12922,0.0,0.32414,0,0.8979591836734693,Transformer
221,0.13299,0.0,0.327595,1,0.8979591836734693,Transformer
222,0.10424,0.0,0.29312,2,0.8979591836734693,Transformer
223,0.1365,0.0,0.3384,3,0.8979591836734693,Transformer
224,0.136415,0.0,0.32857,4,0.8979591836734693,Transformer
225,0.099055,0.0,0.2908,0,0.9183673469387754,Transformer
226,0.12585,0.0,0.31696,1,0.9183673469387754,Transformer
227,0.113575,0.0,0.30415,2,0.9183673469387754,Transformer
228,0.106005,0.0,0.297825,3,0.9183673469387754,Transformer
229,0.11221,0.0,0.30354,4,0.9183673469387754,Transformer
230,0.108835,0.0,0.299055,0,0.9387755102040816,Transformer
231,0.1333,0.0,0.32617,1,0.9387755102040816,Transformer
232,0.113715,0.0,0.30847,2,0.9387755102040816,Transformer
233,0.10749,0.0,0.29754,3,0.9387755102040816,Transformer
234,0.11657,0.0,0.30848,4,0.9387755102040816,Transformer
235,0.126125,0.0,0.32467,0,0.9591836734693877,Transformer
236,0.11398,0.0,0.30698,1,0.9591836734693877,Transformer
237,0.11849,0.0,0.314525,2,0.9591836734693877,Transformer
238,0.104115,0.0,0.2977,3,0.9591836734693877,Transformer
239,0.117875,0.0,0.312105,4,0.9591836734693877,Transformer
240,0.1158,0.0,0.30622,0,0.9795918367346939,Transformer
241,0.11494,0.0,0.312215,1,0.9795918367346939,Transformer
242,0.121545,0.0,0.317915,2,0.9795918367346939,Transformer
243,0.116735,0.0,0.309265,3,0.9795918367346939,Transformer
244,0.126675,0.0,0.320065,4,0.9795918367346939,Transformer
245,0.126385,0.0,0.318515,0,1.0,Transformer
246,0.120145,0.0,0.318155,1,1.0,Transformer
247,0.13329,0.0,0.336455,2,1.0,Transformer
248,0.112545,0.0,0.3101,3,1.0,Transformer
249,0.10075,0.0,0.28881,4,1.0,Transformer
0,1.0,1.0,1.0,0,0.0,Relational Abstractor
1,1.0,1.0,1.0,1,0.0,Relational Abstractor
2,1.0,1.0,1.0,2,0.0,Relational Abstractor
3,1.0,1.0,1.0,3,0.0,Relational Abstractor
4,1.0,1.0,1.0,4,0.0,Relational Abstractor
5,1.0,1.0,1.0,0,0.02040816326530612,Relational Abstractor
6,1.0,1.0,1.0,1,0.02040816326530612,Relational Abstractor
7,1.0,1.0,1.0,2,0.02040816326530612,Relational Abstractor
8,1.0,1.0,1.0,3,0.02040816326530612,Relational Abstractor
9,1.0,1.0,1.0,4,0.02040816326530612,Relational Abstractor
10,1.0,1.0,1.0,0,0.04081632653061224,Relational Abstractor
11,1.0,1.0,1.0,1,0.04081632653061224,Relational Abstractor
12,1.0,1.0,1.0,2,0.04081632653061224,Relational Abstractor
13,1.0,1.0,1.0,3,0.04081632653061224,Relational Abstractor
14,1.0,1.0,1.0,4,0.04081632653061224,Relational Abstractor
15,1.0,1.0,1.0,0,0.061224489795918366,Relational Abstractor
16,1.0,1.0,1.0,1,0.061224489795918366,Relational Abstractor
17,1.0,1.0,1.0,2,0.061224489795918366,Relational Abstractor
18,1.0,1.0,1.0,3,0.061224489795918366,Relational Abstractor
19,0.99994,0.9998,0.99998,4,0.061224489795918366,Relational Abstractor
20,0.999845,0.99935,0.999935,0,0.08163265306122448,Relational Abstractor
21,1.0,1.0,1.0,1,0.08163265306122448,Relational Abstractor
22,0.99989,0.99985,0.999985,2,0.08163265306122448,Relational Abstractor
23,0.99985,0.99965,0.999965,3,0.08163265306122448,Relational Abstractor
24,0.999905,0.99975,0.999975,4,0.08163265306122448,Relational Abstractor
25,0.99596,0.9832,0.99831,0,0.1020408163265306,Relational Abstractor
26,0.999965,0.99995,0.999995,1,0.1020408163265306,Relational Abstractor
27,0.999105,0.9967,0.999655,2,0.1020408163265306,Relational Abstractor
28,0.99934,0.99775,0.99977,3,0.1020408163265306,Relational Abstractor
29,0.99651,0.9933,0.999325,4,0.1020408163265306,Relational Abstractor
30,0.992385,0.97025,0.995625,0,0.12244897959183673,Relational Abstractor
31,0.999585,0.99895,0.999895,1,0.12244897959183673,Relational Abstractor
32,0.999675,0.99895,0.99989,2,0.12244897959183673,Relational Abstractor
33,0.998355,0.99445,0.999435,3,0.12244897959183673,Relational Abstractor
34,0.995305,0.9913,0.9991,4,0.12244897959183673,Relational Abstractor
35,0.92648,0.8683,0.985765,0,0.14285714285714285,Relational Abstractor
36,0.99667,0.9922,0.999205,1,0.14285714285714285,Relational Abstractor
37,0.99331,0.9695,0.99645,2,0.14285714285714285,Relational Abstractor
38,0.987455,0.9643,0.996315,3,0.14285714285714285,Relational Abstractor
39,0.99765,0.9898,0.998965,4,0.14285714285714285,Relational Abstractor
40,0.963385,0.88725,0.98412,0,0.16326530612244897,Relational Abstractor
41,0.98846,0.95155,0.994895,1,0.16326530612244897,Relational Abstractor
42,0.98981,0.9616,0.996005,2,0.16326530612244897,Relational Abstractor
43,0.93106,0.8601,0.98405,3,0.16326530612244897,Relational Abstractor
44,0.99391,0.97545,0.9975,4,0.16326530612244897,Relational Abstractor
45,0.97744,0.92655,0.992075,0,0.18367346938775508,Relational Abstractor
46,0.978165,0.9436,0.99399,1,0.18367346938775508,Relational Abstractor
47,0.80324,0.61835,0.941305,2,0.18367346938775508,Relational Abstractor
48,0.93018,0.75005,0.96789,3,0.18367346938775508,Relational Abstractor
49,0.833055,0.69655,0.96183,4,0.18367346938775508,Relational Abstractor
50,0.98126,0.9424,0.993675,0,0.2040816326530612,Relational Abstractor
51,0.890405,0.7557,0.968295,1,0.2040816326530612,Relational Abstractor
52,0.78873,0.56595,0.932825,2,0.2040816326530612,Relational Abstractor
53,0.826885,0.6182,0.943535,3,0.2040816326530612,Relational Abstractor
54,0.78069,0.52265,0.91927,4,0.2040816326530612,Relational Abstractor
55,0.830945,0.60575,0.924375,0,0.22448979591836732,Relational Abstractor
56,0.848685,0.6375,0.937085,1,0.22448979591836732,Relational Abstractor
57,0.780515,0.5374,0.93828,2,0.22448979591836732,Relational Abstractor
58,0.705115,0.4398,0.862735,3,0.22448979591836732,Relational Abstractor
59,0.945,0.81195,0.976025,4,0.22448979591836732,Relational Abstractor
60,0.728615,0.45735,0.894295,0,0.24489795918367346,Relational Abstractor
61,0.89281,0.69625,0.9521,1,0.24489795918367346,Relational Abstractor
62,0.78116,0.47405,0.896695,2,0.24489795918367346,Relational Abstractor
63,0.708675,0.48845,0.920165,3,0.24489795918367346,Relational Abstractor
64,0.734465,0.4226,0.877845,4,0.24489795918367346,Relational Abstractor
65,0.77635,0.53235,0.903585,0,0.26530612244897955,Relational Abstractor
66,0.60238,0.3194,0.863255,1,0.26530612244897955,Relational Abstractor
67,0.776635,0.4063,0.870795,2,0.26530612244897955,Relational Abstractor
68,0.649895,0.34275,0.86536,3,0.26530612244897955,Relational Abstractor
69,0.669425,0.39555,0.89545,4,0.26530612244897955,Relational Abstractor
70,0.766375,0.44305,0.906705,0,0.2857142857142857,Relational Abstractor
71,0.636265,0.342,0.85153,1,0.2857142857142857,Relational Abstractor
72,0.568815,0.18905,0.807235,2,0.2857142857142857,Relational Abstractor
73,0.71326,0.3931,0.875355,3,0.2857142857142857,Relational Abstractor
74,0.49878,0.149,0.782315,4,0.2857142857142857,Relational Abstractor
75,0.64321,0.25065,0.82962,0,0.3061224489795918,Relational Abstractor
76,0.704545,0.34035,0.86077,1,0.3061224489795918,Relational Abstractor
77,0.54361,0.2216,0.801585,2,0.3061224489795918,Relational Abstractor
78,0.755175,0.4029,0.88655,3,0.3061224489795918,Relational Abstractor
79,0.55788,0.1551,0.77186,4,0.3061224489795918,Relational Abstractor
80,0.462045,0.16325,0.77431,0,0.32653061224489793,Relational Abstractor
81,0.50131,0.14555,0.73198,1,0.32653061224489793,Relational Abstractor
82,0.53686,0.15825,0.775475,2,0.32653061224489793,Relational Abstractor
83,0.586225,0.2397,0.779225,3,0.32653061224489793,Relational Abstractor
84,0.51113,0.138,0.73536,4,0.32653061224489793,Relational Abstractor
85,0.47428,0.14685,0.77869,0,0.3469387755102041,Relational Abstractor
86,0.740235,0.38115,0.889685,1,0.3469387755102041,Relational Abstractor
87,0.532135,0.14525,0.78015,2,0.3469387755102041,Relational Abstractor
88,0.48374,0.10885,0.711765,3,0.3469387755102041,Relational Abstractor
89,0.502575,0.16125,0.762855,4,0.3469387755102041,Relational Abstractor
90,0.548075,0.1487,0.753015,0,0.36734693877551017,Relational Abstractor
91,0.533305,0.1315,0.76976,1,0.36734693877551017,Relational Abstractor
92,0.3928,0.0393,0.58883,2,0.36734693877551017,Relational Abstractor
93,0.44072,0.076,0.684835,3,0.36734693877551017,Relational Abstractor
94,0.40798,0.04655,0.632945,4,0.36734693877551017,Relational Abstractor
95,0.325955,0.0325,0.601275,0,0.3877551020408163,Relational Abstractor
96,0.39263,0.07615,0.727495,1,0.3877551020408163,Relational Abstractor
97,0.48514,0.1052,0.70346,2,0.3877551020408163,Relational Abstractor
98,0.40833,0.04455,0.649125,3,0.3877551020408163,Relational Abstractor
99,0.363835,0.02775,0.573275,4,0.3877551020408163,Relational Abstractor
100,0.413685,0.04085,0.64785,0,0.4081632653061224,Relational Abstractor
101,0.3853,0.0228,0.591435,1,0.4081632653061224,Relational Abstractor
102,0.486775,0.09495,0.70545,2,0.4081632653061224,Relational Abstractor
103,0.428435,0.06605,0.664395,3,0.4081632653061224,Relational Abstractor
104,0.41518,0.0653,0.643605,4,0.4081632653061224,Relational Abstractor
105,0.327215,0.0305,0.59068,0,0.42857142857142855,Relational Abstractor
106,0.36061,0.0355,0.609995,1,0.42857142857142855,Relational Abstractor
107,0.36987,0.02325,0.58323,2,0.42857142857142855,Relational Abstractor
108,0.417895,0.06485,0.675675,3,0.42857142857142855,Relational Abstractor
109,0.35737,0.0196,0.55172,4,0.42857142857142855,Relational Abstractor
110,0.573135,0.1529,0.79822,0,0.44897959183673464,Relational Abstractor
111,0.401315,0.04065,0.636905,1,0.44897959183673464,Relational Abstractor
112,0.369615,0.02145,0.57711,2,0.44897959183673464,Relational Abstractor
113,0.382555,0.04115,0.64322,3,0.44897959183673464,Relational Abstractor
114,0.334635,0.01965,0.57362,4,0.44897959183673464,Relational Abstractor
115,0.443685,0.0513,0.637355,0,0.4693877551020408,Relational Abstractor
116,0.33227,0.0108,0.54348,1,0.4693877551020408,Relational Abstractor
117,0.285245,0.00475,0.478245,2,0.4693877551020408,Relational Abstractor
118,0.433045,0.04125,0.6399,3,0.4693877551020408,Relational Abstractor
119,0.36874,0.03645,0.616025,4,0.4693877551020408,Relational Abstractor
120,0.317425,0.0092,0.507165,0,0.4897959183673469,Relational Abstractor
121,0.301805,0.0108,0.52252,1,0.4897959183673469,Relational Abstractor
122,0.29427,0.00995,0.54574,2,0.4897959183673469,Relational Abstractor
123,0.34243,0.0149,0.52125,3,0.4897959183673469,Relational Abstractor
124,0.396125,0.04795,0.65037,4,0.4897959183673469,Relational Abstractor
125,0.284055,0.0113,0.52038,0,0.5102040816326531,Relational Abstractor
126,0.37854,0.0227,0.57327,1,0.5102040816326531,Relational Abstractor
127,0.252975,0.008,0.480945,2,0.5102040816326531,Relational Abstractor
128,0.32238,0.0235,0.564475,3,0.5102040816326531,Relational Abstractor
129,0.329155,0.01615,0.525905,4,0.5102040816326531,Relational Abstractor
130,0.31975,0.02085,0.54796,0,0.5306122448979591,Relational Abstractor
131,0.320975,0.02735,0.55547,1,0.5306122448979591,Relational Abstractor
132,0.233735,0.00195,0.419225,2,0.5306122448979591,Relational Abstractor
133,0.23593,0.00695,0.509895,3,0.5306122448979591,Relational Abstractor
134,0.334905,0.011,0.533275,4,0.5306122448979591,Relational Abstractor
135,0.315345,0.0084,0.51396,0,0.5510204081632653,Relational Abstractor
136,0.292485,0.0051,0.456545,1,0.5510204081632653,Relational Abstractor
137,0.263105,0.0077,0.525485,2,0.5510204081632653,Relational Abstractor
138,0.211295,0.00145,0.40653,3,0.5510204081632653,Relational Abstractor
139,0.278895,0.00435,0.487165,4,0.5510204081632653,Relational Abstractor
140,0.30636,0.00555,0.481595,0,0.5714285714285714,Relational Abstractor
141,0.266015,0.0052,0.47696,1,0.5714285714285714,Relational Abstractor
142,0.2007,0.00235,0.45904,2,0.5714285714285714,Relational Abstractor
143,0.30081,0.0063,0.48623,3,0.5714285714285714,Relational Abstractor
144,0.30577,0.0088,0.483635,4,0.5714285714285714,Relational Abstractor
145,0.295095,0.0079,0.49835,0,0.5918367346938775,Relational Abstractor
146,0.269,0.0065,0.508675,1,0.5918367346938775,Relational Abstractor
147,0.353515,0.0076,0.50718,2,0.5918367346938775,Relational Abstractor
148,0.249325,0.00135,0.41545,3,0.5918367346938775,Relational Abstractor
149,0.169275,0.00045,0.355325,4,0.5918367346938775,Relational Abstractor
150,0.241635,0.0024,0.4215,0,0.6122448979591836,Relational Abstractor
151,0.169795,0.0002,0.30512,1,0.6122448979591836,Relational Abstractor
152,0.272345,0.00305,0.446515,2,0.6122448979591836,Relational Abstractor
153,0.332645,0.0136,0.53182,3,0.6122448979591836,Relational Abstractor
154,0.309825,0.00845,0.491995,4,0.6122448979591836,Relational Abstractor
155,0.236555,0.0026,0.413215,0,0.6326530612244897,Relational Abstractor
156,0.21828,0.00115,0.40566,1,0.6326530612244897,Relational Abstractor
157,0.236475,0.0016,0.388955,2,0.6326530612244897,Relational Abstractor
158,0.15577,0.0002,0.318485,3,0.6326530612244897,Relational Abstractor
159,0.26833,0.0017,0.43345,4,0.6326530612244897,Relational Abstractor
160,0.188255,0.00105,0.382225,0,0.6530612244897959,Relational Abstractor
161,0.29258,0.0018,0.446305,1,0.6530612244897959,Relational Abstractor
162,0.23887,0.0022,0.421625,2,0.6530612244897959,Relational Abstractor
163,0.30596,0.0061,0.437015,3,0.6530612244897959,Relational Abstractor
164,0.25038,0.0012,0.417745,4,0.6530612244897959,Relational Abstractor
165,0.26035,0.0026,0.447575,0,0.673469387755102,Relational Abstractor
166,0.189985,0.00075,0.36478,1,0.673469387755102,Relational Abstractor
167,0.31672,0.0044,0.485175,2,0.673469387755102,Relational Abstractor
168,0.21894,0.0009,0.383755,3,0.673469387755102,Relational Abstractor
169,0.253005,0.0011,0.418725,4,0.673469387755102,Relational Abstractor
170,0.177245,0.0002,0.315385,0,0.6938775510204082,Relational Abstractor
171,0.23804,0.00065,0.366895,1,0.6938775510204082,Relational Abstractor
172,0.262575,0.0032,0.44623,2,0.6938775510204082,Relational Abstractor
173,0.267455,0.0047,0.42385,3,0.6938775510204082,Relational Abstractor
174,0.206015,0.0007,0.36516,4,0.6938775510204082,Relational Abstractor
175,0.207115,0.00035,0.358255,0,0.7142857142857142,Relational Abstractor
176,0.24699,0.0034,0.46578,1,0.7142857142857142,Relational Abstractor
177,0.179925,0.00055,0.341635,2,0.7142857142857142,Relational Abstractor
178,0.2213,0.0008,0.341475,3,0.7142857142857142,Relational Abstractor
179,0.23798,0.0005,0.37526,4,0.7142857142857142,Relational Abstractor
180,0.222385,0.0016,0.376055,0,0.7346938775510203,Relational Abstractor
181,0.17938,0.0001,0.30979,1,0.7346938775510203,Relational Abstractor
182,0.255205,0.00215,0.42131,2,0.7346938775510203,Relational Abstractor
183,0.225485,0.00015,0.340185,3,0.7346938775510203,Relational Abstractor
184,0.21745,0.00035,0.363725,4,0.7346938775510203,Relational Abstractor
185,0.264595,0.00085,0.40135,0,0.7551020408163265,Relational Abstractor
186,0.199125,0.0003,0.314625,1,0.7551020408163265,Relational Abstractor
187,0.203125,0.0001,0.306535,2,0.7551020408163265,Relational Abstractor
188,0.171605,0.0001,0.29538,3,0.7551020408163265,Relational Abstractor
189,0.217585,0.00145,0.380555,4,0.7551020408163265,Relational Abstractor
190,0.16596,0.0002,0.32726,0,0.7755102040816326,Relational Abstractor
191,0.240605,0.0004,0.348265,1,0.7755102040816326,Relational Abstractor
192,0.19763,0.0004,0.3573,2,0.7755102040816326,Relational Abstractor
193,0.149085,5e-05,0.28006,3,0.7755102040816326,Relational Abstractor
194,0.25077,0.00045,0.37533,4,0.7755102040816326,Relational Abstractor
195,0.210805,0.00025,0.3383,0,0.7959183673469387,Relational Abstractor
196,0.23351,0.0002,0.37615,1,0.7959183673469387,Relational Abstractor
197,0.198955,0.0002,0.310845,2,0.7959183673469387,Relational Abstractor
198,0.150145,0.0,0.28916,3,0.7959183673469387,Relational Abstractor
199,0.182055,0.0001,0.31443,4,0.7959183673469387,Relational Abstractor
200,0.171725,5e-05,0.347155,0,0.8163265306122448,Relational Abstractor
201,0.18708,0.00045,0.333685,1,0.8163265306122448,Relational Abstractor
202,0.14087,0.0,0.27344,2,0.8163265306122448,Relational Abstractor
203,0.25857,0.00115,0.395845,3,0.8163265306122448,Relational Abstractor
204,0.273555,0.003,0.42158,4,0.8163265306122448,Relational Abstractor
205,0.208445,0.00175,0.374255,0,0.836734693877551,Relational Abstractor
206,0.242695,0.00205,0.419325,1,0.836734693877551,Relational Abstractor
207,0.198625,0.00015,0.293045,2,0.836734693877551,Relational Abstractor
208,0.14502,5e-05,0.27127,3,0.836734693877551,Relational Abstractor
209,0.207955,0.0002,0.321665,4,0.836734693877551,Relational Abstractor
210,0.181955,5e-05,0.32375,0,0.8571428571428571,Relational Abstractor
211,0.191405,0.0004,0.321815,1,0.8571428571428571,Relational Abstractor
212,0.16708,5e-05,0.30552,2,0.8571428571428571,Relational Abstractor
213,0.27934,0.0014,0.39848,3,0.8571428571428571,Relational Abstractor
214,0.187255,0.00015,0.3502,4,0.8571428571428571,Relational Abstractor
215,0.18557,0.0,0.30355,0,0.8775510204081632,Relational Abstractor
216,0.248265,0.0012,0.39076,1,0.8775510204081632,Relational Abstractor
217,0.184835,0.00025,0.30583,2,0.8775510204081632,Relational Abstractor
218,0.20489,0.0001,0.304205,3,0.8775510204081632,Relational Abstractor
219,0.175925,5e-05,0.28308,4,0.8775510204081632,Relational Abstractor
220,0.12895,0.0,0.25663,0,0.8979591836734693,Relational Abstractor
221,0.16666,0.0001,0.289555,1,0.8979591836734693,Relational Abstractor
222,0.18076,0.00015,0.311885,2,0.8979591836734693,Relational Abstractor
223,0.189165,0.0001,0.32269,3,0.8979591836734693,Relational Abstractor
224,0.183805,0.00015,0.323685,4,0.8979591836734693,Relational Abstractor
225,0.20902,0.00015,0.32739,0,0.9183673469387754,Relational Abstractor
226,0.170145,5e-05,0.345095,1,0.9183673469387754,Relational Abstractor
227,0.140465,5e-05,0.25028,2,0.9183673469387754,Relational Abstractor
228,0.173895,0.0,0.276355,3,0.9183673469387754,Relational Abstractor
229,0.150825,0.0001,0.277485,4,0.9183673469387754,Relational Abstractor
230,0.17611,0.0001,0.325945,0,0.9387755102040816,Relational Abstractor
231,0.163935,0.0,0.266945,1,0.9387755102040816,Relational Abstractor
232,0.192755,0.0003,0.320135,2,0.9387755102040816,Relational Abstractor
233,0.19684,0.0,0.309035,3,0.9387755102040816,Relational Abstractor
234,0.15588,0.0,0.271345,4,0.9387755102040816,Relational Abstractor
235,0.16646,0.00015,0.305755,0,0.9591836734693877,Relational Abstractor
236,0.238865,0.0008,0.352995,1,0.9591836734693877,Relational Abstractor
237,0.145895,0.0,0.271255,2,0.9591836734693877,Relational Abstractor
238,0.14415,0.0002,0.289335,3,0.9591836734693877,Relational Abstractor
239,0.228575,0.0001,0.315475,4,0.9591836734693877,Relational Abstractor
240,0.180235,0.0,0.306025,0,0.9795918367346939,Relational Abstractor
241,0.16643,0.0,0.270745,1,0.9795918367346939,Relational Abstractor
242,0.178445,0.0001,0.29864,2,0.9795918367346939,Relational Abstractor
243,0.147625,0.0,0.242885,3,0.9795918367346939,Relational Abstractor
244,0.180555,0.0,0.275905,4,0.9795918367346939,Relational Abstractor
245,0.18329,5e-05,0.2933,0,1.0,Relational Abstractor
246,0.1557,0.0001,0.25346,1,1.0,Relational Abstractor
247,0.183575,0.00015,0.32942,2,1.0,Relational Abstractor
248,0.176265,0.0001,0.32019,3,1.0,Relational Abstractor
249,0.200305,0.0,0.28656,4,1.0,Relational Abstractor
0,0.99982,0.9995,0.999935,0,0.0,Symbolic Abstractor
1,0.99982,0.9995,0.999935,1,0.0,Symbolic Abstractor
2,0.99982,0.9995,0.999935,2,0.0,Symbolic Abstractor
3,0.99982,0.9995,0.999935,3,0.0,Symbolic Abstractor
4,0.99982,0.9995,0.999935,4,0.0,Symbolic Abstractor
5,0.99976,0.9993,0.999905,0,0.02040816326530612,Symbolic Abstractor
6,0.999875,0.99955,0.99994,1,0.02040816326530612,Symbolic Abstractor
7,0.99982,0.99945,0.99993,2,0.02040816326530612,Symbolic Abstractor
8,0.99981,0.9994,0.99992,3,0.02040816326530612,Symbolic Abstractor
9,0.99982,0.9995,0.99993,4,0.02040816326530612,Symbolic Abstractor
10,0.99967,0.99855,0.999845,0,0.04081632653061224,Symbolic Abstractor
11,0.999635,0.99845,0.999825,1,0.04081632653061224,Symbolic Abstractor
12,0.99954,0.9982,0.9998,2,0.04081632653061224,Symbolic Abstractor
13,0.999735,0.9992,0.9999,3,0.04081632653061224,Symbolic Abstractor
14,0.999765,0.9991,0.999895,4,0.04081632653061224,Symbolic Abstractor
15,0.99946,0.9976,0.999745,0,0.061224489795918366,Symbolic Abstractor
16,0.998475,0.99285,0.999275,1,0.061224489795918366,Symbolic Abstractor
17,0.998155,0.99115,0.999095,2,0.061224489795918366,Symbolic Abstractor
18,0.99946,0.9975,0.999725,3,0.061224489795918366,Symbolic Abstractor
19,0.99951,0.9981,0.999795,4,0.061224489795918366,Symbolic Abstractor
20,0.997595,0.9888,0.998865,0,0.08163265306122448,Symbolic Abstractor
21,0.995755,0.97985,0.997955,1,0.08163265306122448,Symbolic Abstractor
22,0.996785,0.9846,0.99845,2,0.08163265306122448,Symbolic Abstractor
23,0.998045,0.9911,0.99907,3,0.08163265306122448,Symbolic Abstractor
24,0.994995,0.97585,0.997525,4,0.08163265306122448,Symbolic Abstractor
25,0.990775,0.95545,0.995445,0,0.1020408163265306,Symbolic Abstractor
26,0.993685,0.96955,0.996875,1,0.1020408163265306,Symbolic Abstractor
27,0.994525,0.9741,0.99733,2,0.1020408163265306,Symbolic Abstractor
28,0.99467,0.9756,0.99748,3,0.1020408163265306,Symbolic Abstractor
29,0.98972,0.95025,0.99485,4,0.1020408163265306,Symbolic Abstractor
30,0.96925,0.85565,0.984725,0,0.12244897959183673,Symbolic Abstractor
31,0.96697,0.8867,0.987835,1,0.12244897959183673,Symbolic Abstractor
32,0.95098,0.78585,0.975085,2,0.12244897959183673,Symbolic Abstractor
33,0.98419,0.92945,0.992675,3,0.12244897959183673,Symbolic Abstractor
34,0.97979,0.90875,0.990285,4,0.12244897959183673,Symbolic Abstractor
35,0.91186,0.64575,0.95266,0,0.14285714285714285,Symbolic Abstractor
36,0.973615,0.88735,0.98726,1,0.14285714285714285,Symbolic Abstractor
37,0.92859,0.73825,0.971355,2,0.14285714285714285,Symbolic Abstractor
38,0.896755,0.6843,0.96467,3,0.14285714285714285,Symbolic Abstractor
39,0.904915,0.7102,0.963915,4,0.14285714285714285,Symbolic Abstractor
40,0.879155,0.53555,0.939195,0,0.16326530612244897,Symbolic Abstractor
41,0.90594,0.6416,0.95485,1,0.16326530612244897,Symbolic Abstractor
42,0.88877,0.5722,0.94153,2,0.16326530612244897,Symbolic Abstractor
43,0.809585,0.48465,0.896235,3,0.16326530612244897,Symbolic Abstractor
44,0.908315,0.6723,0.952,4,0.16326530612244897,Symbolic Abstractor
45,0.888235,0.6483,0.95632,0,0.18367346938775508,Symbolic Abstractor
46,0.876865,0.61535,0.943485,1,0.18367346938775508,Symbolic Abstractor
47,0.89328,0.6456,0.956625,2,0.18367346938775508,Symbolic Abstractor
48,0.87108,0.584,0.941985,3,0.18367346938775508,Symbolic Abstractor
49,0.890965,0.6175,0.945475,4,0.18367346938775508,Symbolic Abstractor
50,0.669135,0.2584,0.83737,0,0.2040816326530612,Symbolic Abstractor
51,0.749675,0.3451,0.89147,1,0.2040816326530612,Symbolic Abstractor
52,0.72772,0.3808,0.884285,2,0.2040816326530612,Symbolic Abstractor
53,0.8232,0.4173,0.91274,3,0.2040816326530612,Symbolic Abstractor
54,0.709265,0.2787,0.87568,4,0.2040816326530612,Symbolic Abstractor
55,0.83306,0.475,0.914385,0,0.22448979591836732,Symbolic Abstractor
56,0.628125,0.16525,0.788245,1,0.22448979591836732,Symbolic Abstractor
57,0.633875,0.24105,0.810215,2,0.22448979591836732,Symbolic Abstractor
58,0.702485,0.2495,0.85103,3,0.22448979591836732,Symbolic Abstractor
59,0.76103,0.3385,0.89301,4,0.22448979591836732,Symbolic Abstractor
60,0.53514,0.08735,0.730995,0,0.24489795918367346,Symbolic Abstractor
61,0.616845,0.1297,0.794555,1,0.24489795918367346,Symbolic Abstractor
62,0.67649,0.24425,0.787635,2,0.24489795918367346,Symbolic Abstractor
63,0.66642,0.1871,0.844505,3,0.24489795918367346,Symbolic Abstractor
64,0.719575,0.27295,0.84725,4,0.24489795918367346,Symbolic Abstractor
65,0.6885,0.2555,0.82005,0,0.26530612244897955,Symbolic Abstractor
66,0.61932,0.1465,0.755885,1,0.26530612244897955,Symbolic Abstractor
67,0.484295,0.06075,0.68769,2,0.26530612244897955,Symbolic Abstractor
68,0.538585,0.0996,0.748185,3,0.26530612244897955,Symbolic Abstractor
69,0.63909,0.1759,0.83247,4,0.26530612244897955,Symbolic Abstractor
70,0.58452,0.11385,0.793275,0,0.2857142857142857,Symbolic Abstractor
71,0.604875,0.1589,0.79778,1,0.2857142857142857,Symbolic Abstractor
72,0.58656,0.10815,0.791665,2,0.2857142857142857,Symbolic Abstractor
73,0.451745,0.027,0.64269,3,0.2857142857142857,Symbolic Abstractor
74,0.54802,0.105,0.72457,4,0.2857142857142857,Symbolic Abstractor
75,0.532495,0.0818,0.724775,0,0.3061224489795918,Symbolic Abstractor
76,0.700315,0.20215,0.842745,1,0.3061224489795918,Symbolic Abstractor
77,0.48027,0.048,0.65759,2,0.3061224489795918,Symbolic Abstractor
78,0.44127,0.0654,0.735335,3,0.3061224489795918,Symbolic Abstractor
79,0.637435,0.1496,0.799265,4,0.3061224489795918,Symbolic Abstractor
80,0.527165,0.07015,0.724015,0,0.32653061224489793,Symbolic Abstractor
81,0.522525,0.0743,0.721895,1,0.32653061224489793,Symbolic Abstractor
82,0.44849,0.06725,0.6968,2,0.32653061224489793,Symbolic Abstractor
83,0.433215,0.03725,0.621505,3,0.32653061224489793,Symbolic Abstractor
84,0.44,0.0324,0.66675,4,0.32653061224489793,Symbolic Abstractor
85,0.329645,0.01475,0.56681,0,0.3469387755102041,Symbolic Abstractor
86,0.45853,0.03535,0.671435,1,0.3469387755102041,Symbolic Abstractor
87,0.433635,0.037,0.65316,2,0.3469387755102041,Symbolic Abstractor
88,0.49101,0.03435,0.664485,3,0.3469387755102041,Symbolic Abstractor
89,0.416255,0.034,0.64084,4,0.3469387755102041,Symbolic Abstractor
90,0.48761,0.0557,0.722575,0,0.36734693877551017,Symbolic Abstractor
91,0.40667,0.03155,0.65764,1,0.36734693877551017,Symbolic Abstractor
92,0.534415,0.093,0.747335,2,0.36734693877551017,Symbolic Abstractor
93,0.45613,0.03665,0.69522,3,0.36734693877551017,Symbolic Abstractor
94,0.4029,0.03515,0.643825,4,0.36734693877551017,Symbolic Abstractor
95,0.42093,0.03135,0.60044,0,0.3877551020408163,Symbolic Abstractor
96,0.35041,0.01615,0.574145,1,0.3877551020408163,Symbolic Abstractor
97,0.41106,0.0333,0.65491,2,0.3877551020408163,Symbolic Abstractor
98,0.452495,0.03855,0.692275,3,0.3877551020408163,Symbolic Abstractor
99,0.33703,0.0137,0.52189,4,0.3877551020408163,Symbolic Abstractor
100,0.3236,0.00825,0.6201,0,0.4081632653061224,Symbolic Abstractor
101,0.30403,0.01145,0.577475,1,0.4081632653061224,Symbolic Abstractor
102,0.3993,0.0115,0.572245,2,0.4081632653061224,Symbolic Abstractor
103,0.384745,0.0222,0.645635,3,0.4081632653061224,Symbolic Abstractor
104,0.3599,0.0108,0.60594,4,0.4081632653061224,Symbolic Abstractor
105,0.31977,0.01115,0.56646,0,0.42857142857142855,Symbolic Abstractor
106,0.314655,0.0077,0.54645,1,0.42857142857142855,Symbolic Abstractor
107,0.333935,0.008,0.547335,2,0.42857142857142855,Symbolic Abstractor
108,0.247165,0.0013,0.465405,3,0.42857142857142855,Symbolic Abstractor
109,0.40203,0.0194,0.60612,4,0.42857142857142855,Symbolic Abstractor
110,0.43529,0.01725,0.64719,0,0.44897959183673464,Symbolic Abstractor
111,0.36715,0.01115,0.59231,1,0.44897959183673464,Symbolic Abstractor
112,0.308595,0.0055,0.530475,2,0.44897959183673464,Symbolic Abstractor
113,0.304045,0.00535,0.54985,3,0.44897959183673464,Symbolic Abstractor
114,0.33256,0.0052,0.53327,4,0.44897959183673464,Symbolic Abstractor
115,0.28673,0.00295,0.514285,0,0.4693877551020408,Symbolic Abstractor
116,0.3254,0.01235,0.564125,1,0.4693877551020408,Symbolic Abstractor
117,0.307015,0.0019,0.50485,2,0.4693877551020408,Symbolic Abstractor
118,0.393815,0.01525,0.591745,3,0.4693877551020408,Symbolic Abstractor
119,0.3613,0.0052,0.542405,4,0.4693877551020408,Symbolic Abstractor
120,0.271205,0.001,0.46804,0,0.4897959183673469,Symbolic Abstractor
121,0.26038,0.0014,0.42983,1,0.4897959183673469,Symbolic Abstractor
122,0.29995,0.0038,0.484655,2,0.4897959183673469,Symbolic Abstractor
123,0.263715,0.00275,0.481205,3,0.4897959183673469,Symbolic Abstractor
124,0.33624,0.00525,0.54636,4,0.4897959183673469,Symbolic Abstractor
125,0.325025,0.00395,0.507505,0,0.5102040816326531,Symbolic Abstractor
126,0.21668,0.0004,0.411225,1,0.5102040816326531,Symbolic Abstractor
127,0.273135,0.00135,0.48401,2,0.5102040816326531,Symbolic Abstractor
128,0.24821,0.00095,0.42005,3,0.5102040816326531,Symbolic Abstractor
129,0.254705,0.00135,0.45768,4,0.5102040816326531,Symbolic Abstractor
130,0.4297,0.03,0.663525,0,0.5306122448979591,Symbolic Abstractor
131,0.2819,0.0031,0.527055,1,0.5306122448979591,Symbolic Abstractor
132,0.2991,0.0034,0.508155,2,0.5306122448979591,Symbolic Abstractor
133,0.292305,0.0022,0.49892,3,0.5306122448979591,Symbolic Abstractor
134,0.298955,0.00485,0.52734,4,0.5306122448979591,Symbolic Abstractor
135,0.35022,0.0065,0.55927,0,0.5510204081632653,Symbolic Abstractor
136,0.31223,0.0018,0.50964,1,0.5510204081632653,Symbolic Abstractor
137,0.263075,0.0006,0.447725,2,0.5510204081632653,Symbolic Abstractor
138,0.308565,0.00215,0.51747,3,0.5510204081632653,Symbolic Abstractor
139,0.315105,0.0045,0.566355,4,0.5510204081632653,Symbolic Abstractor
140,0.198265,0.0007,0.41807,0,0.5714285714285714,Symbolic Abstractor
141,0.26466,0.0012,0.4783,1,0.5714285714285714,Symbolic Abstractor
142,0.232255,0.00115,0.446125,2,0.5714285714285714,Symbolic Abstractor
143,0.318115,0.00175,0.49118,3,0.5714285714285714,Symbolic Abstractor
144,0.191785,0.0005,0.366535,4,0.5714285714285714,Symbolic Abstractor
145,0.28755,0.0029,0.496905,0,0.5918367346938775,Symbolic Abstractor
146,0.312245,0.0035,0.515775,1,0.5918367346938775,Symbolic Abstractor
147,0.220215,0.0006,0.41965,2,0.5918367346938775,Symbolic Abstractor
148,0.217925,0.0002,0.36285,3,0.5918367346938775,Symbolic Abstractor
149,0.273755,0.0015,0.45049,4,0.5918367346938775,Symbolic Abstractor
150,0.16001,0.0004,0.35453,0,0.6122448979591836,Symbolic Abstractor
151,0.238545,0.00115,0.420765,1,0.6122448979591836,Symbolic Abstractor
152,0.170165,5e-05,0.324745,2,0.6122448979591836,Symbolic Abstractor
153,0.24191,0.0005,0.401765,3,0.6122448979591836,Symbolic Abstractor
154,0.200905,0.0004,0.387625,4,0.6122448979591836,Symbolic Abstractor
155,0.22426,0.00015,0.39134,0,0.6326530612244897,Symbolic Abstractor
156,0.25166,0.0009,0.4659,1,0.6326530612244897,Symbolic Abstractor
157,0.228,0.00115,0.409155,2,0.6326530612244897,Symbolic Abstractor
158,0.201305,0.00015,0.387065,3,0.6326530612244897,Symbolic Abstractor
159,0.202255,0.00075,0.427695,4,0.6326530612244897,Symbolic Abstractor
160,0.247935,0.00105,0.454515,0,0.6530612244897959,Symbolic Abstractor
161,0.153465,0.0,0.297535,1,0.6530612244897959,Symbolic Abstractor
162,0.204435,0.0,0.36751,2,0.6530612244897959,Symbolic Abstractor
163,0.156355,5e-05,0.32193,3,0.6530612244897959,Symbolic Abstractor
164,0.208495,5e-05,0.34572,4,0.6530612244897959,Symbolic Abstractor
165,0.23944,0.00075,0.44211,0,0.673469387755102,Symbolic Abstractor
166,0.25733,0.0003,0.422605,1,0.673469387755102,Symbolic Abstractor
167,0.197225,0.0002,0.38263,2,0.673469387755102,Symbolic Abstractor
168,0.28916,0.0018,0.458875,3,0.673469387755102,Symbolic Abstractor
169,0.19772,0.0,0.3682,4,0.673469387755102,Symbolic Abstractor
170,0.185355,0.00015,0.3454,0,0.6938775510204082,Symbolic Abstractor
171,0.22571,0.0013,0.439365,1,0.6938775510204082,Symbolic Abstractor
172,0.214645,0.0006,0.423635,2,0.6938775510204082,Symbolic Abstractor
173,0.21369,0.0002,0.40077,3,0.6938775510204082,Symbolic Abstractor
174,0.19186,5e-05,0.3528,4,0.6938775510204082,Symbolic Abstractor
175,0.239045,0.00045,0.44518,0,0.7142857142857142,Symbolic Abstractor
176,0.217025,0.00045,0.41438,1,0.7142857142857142,Symbolic Abstractor
177,0.21454,0.00025,0.37519,2,0.7142857142857142,Symbolic Abstractor
178,0.212055,0.0,0.39574,3,0.7142857142857142,Symbolic Abstractor
179,0.205565,0.00025,0.36212,4,0.7142857142857142,Symbolic Abstractor
180,0.244095,0.0003,0.40705,0,0.7346938775510203,Symbolic Abstractor
181,0.18311,0.0001,0.35396,1,0.7346938775510203,Symbolic Abstractor
182,0.21615,0.00015,0.395785,2,0.7346938775510203,Symbolic Abstractor
183,0.21576,0.0002,0.38758,3,0.7346938775510203,Symbolic Abstractor
184,0.20879,0.0005,0.359655,4,0.7346938775510203,Symbolic Abstractor
185,0.15732,5e-05,0.330265,0,0.7551020408163265,Symbolic Abstractor
186,0.18054,0.00025,0.353395,1,0.7551020408163265,Symbolic Abstractor
187,0.211605,5e-05,0.35823,2,0.7551020408163265,Symbolic Abstractor
188,0.187425,0.0,0.39818,3,0.7551020408163265,Symbolic Abstractor
189,0.178865,0.0,0.33521,4,0.7551020408163265,Symbolic Abstractor
190,0.153465,5e-05,0.2966,0,0.7755102040816326,Symbolic Abstractor
191,0.19036,0.0,0.33283,1,0.7755102040816326,Symbolic Abstractor
192,0.23246,0.0003,0.40168,2,0.7755102040816326,Symbolic Abstractor
193,0.1817,0.00015,0.327225,3,0.7755102040816326,Symbolic Abstractor
194,0.24011,0.00035,0.42334,4,0.7755102040816326,Symbolic Abstractor
195,0.24344,0.00015,0.43632,0,0.7959183673469387,Symbolic Abstractor
196,0.2081,0.00085,0.36793,1,0.7959183673469387,Symbolic Abstractor
197,0.1665,0.0,0.318315,2,0.7959183673469387,Symbolic Abstractor
198,0.193455,5e-05,0.35062,3,0.7959183673469387,Symbolic Abstractor
199,0.202085,5e-05,0.368045,4,0.7959183673469387,Symbolic Abstractor
200,0.20955,0.0002,0.36525,0,0.8163265306122448,Symbolic Abstractor
201,0.184705,0.0,0.333445,1,0.8163265306122448,Symbolic Abstractor
202,0.17853,5e-05,0.32276,2,0.8163265306122448,Symbolic Abstractor
203,0.186125,0.00015,0.383685,3,0.8163265306122448,Symbolic Abstractor
204,0.16464,0.00015,0.363255,4,0.8163265306122448,Symbolic Abstractor
205,0.198875,0.00015,0.403595,0,0.836734693877551,Symbolic Abstractor
206,0.18678,5e-05,0.32058,1,0.836734693877551,Symbolic Abstractor
207,0.19775,5e-05,0.38475,2,0.836734693877551,Symbolic Abstractor
208,0.139085,0.0,0.289725,3,0.836734693877551,Symbolic Abstractor
209,0.20857,5e-05,0.3935,4,0.836734693877551,Symbolic Abstractor
210,0.18265,0.00015,0.36901,0,0.8571428571428571,Symbolic Abstractor
211,0.16305,0.0,0.32368,1,0.8571428571428571,Symbolic Abstractor
212,0.193065,5e-05,0.3369,2,0.8571428571428571,Symbolic Abstractor
213,0.158335,0.0,0.332275,3,0.8571428571428571,Symbolic Abstractor
214,0.21973,0.0,0.389945,4,0.8571428571428571,Symbolic Abstractor
215,0.224825,0.00015,0.377205,0,0.8775510204081632,Symbolic Abstractor
216,0.25917,0.00065,0.42086,1,0.8775510204081632,Symbolic Abstractor
217,0.16905,0.0,0.342635,2,0.8775510204081632,Symbolic Abstractor
218,0.22236,0.00015,0.38884,3,0.8775510204081632,Symbolic Abstractor
219,0.226305,0.0002,0.389445,4,0.8775510204081632,Symbolic Abstractor
220,0.1634,0.0,0.331325,0,0.8979591836734693,Symbolic Abstractor
221,0.17663,0.0,0.327025,1,0.8979591836734693,Symbolic Abstractor
222,0.19047,0.0,0.358965,2,0.8979591836734693,Symbolic Abstractor
223,0.138885,0.0,0.27014,3,0.8979591836734693,Symbolic Abstractor
224,0.27609,0.0005,0.44642,4,0.8979591836734693,Symbolic Abstractor
225,0.16695,5e-05,0.320645,0,0.9183673469387754,Symbolic Abstractor
226,0.18787,0.0001,0.35664,1,0.9183673469387754,Symbolic Abstractor
227,0.22993,0.0002,0.398135,2,0.9183673469387754,Symbolic Abstractor
228,0.13755,0.0,0.27886,3,0.9183673469387754,Symbolic Abstractor
229,0.169605,0.0,0.34326,4,0.9183673469387754,Symbolic Abstractor
230,0.18238,0.0,0.3473,0,0.9387755102040816,Symbolic Abstractor
231,0.178155,0.0,0.34803,1,0.9387755102040816,Symbolic Abstractor
232,0.17516,5e-05,0.349835,2,0.9387755102040816,Symbolic Abstractor
233,0.16537,0.0,0.317935,3,0.9387755102040816,Symbolic Abstractor
234,0.15071,5e-05,0.276475,4,0.9387755102040816,Symbolic Abstractor
235,0.14135,0.0,0.292085,0,0.9591836734693877,Symbolic Abstractor
236,0.14438,0.0,0.273265,1,0.9591836734693877,Symbolic Abstractor
237,0.145945,0.0,0.26979,2,0.9591836734693877,Symbolic Abstractor
238,0.16334,0.0,0.314235,3,0.9591836734693877,Symbolic Abstractor
239,0.16243,0.0,0.291265,4,0.9591836734693877,Symbolic Abstractor
240,0.153475,0.0,0.30805,0,0.9795918367346939,Symbolic Abstractor
241,0.1889,0.0001,0.374595,1,0.9795918367346939,Symbolic Abstractor
242,0.17835,0.00015,0.302665,2,0.9795918367346939,Symbolic Abstractor
243,0.16563,0.0,0.288825,3,0.9795918367346939,Symbolic Abstractor
244,0.15425,0.0,0.282425,4,0.9795918367346939,Symbolic Abstractor
245,0.159785,0.0,0.337045,0,1.0,Symbolic Abstractor
246,0.19942,5e-05,0.33234,1,1.0,Symbolic Abstractor
247,0.16114,0.0,0.33092,2,1.0,Symbolic Abstractor
248,0.171465,0.0,0.32516,3,1.0,Symbolic Abstractor
249,0.144635,0.0,0.289305,4,1.0,Symbolic Abstractor
0,0.99901,0.9985,0.99985,0,0.0,Simple Abstractor
1,0.99901,0.9985,0.99985,1,0.0,Simple Abstractor
2,0.99901,0.9985,0.99985,2,0.0,Simple Abstractor
3,0.99901,0.9985,0.99985,3,0.0,Simple Abstractor
4,0.99901,0.9985,0.99985,4,0.0,Simple Abstractor
5,0.99128,0.9808,0.99804,0,0.02040816326530612,Simple Abstractor
6,0.993975,0.9852,0.99849,1,0.02040816326530612,Simple Abstractor
7,0.991875,0.9878,0.99878,2,0.02040816326530612,Simple Abstractor
8,0.98896,0.982,0.99816,3,0.02040816326530612,Simple Abstractor
9,0.99496,0.9871,0.998675,4,0.02040816326530612,Simple Abstractor
10,0.93063,0.84165,0.98309,0,0.04081632653061224,Simple Abstractor
11,0.95543,0.85695,0.98403,1,0.04081632653061224,Simple Abstractor
12,0.96786,0.9093,0.99045,2,0.04081632653061224,Simple Abstractor
13,0.902395,0.7578,0.970985,3,0.04081632653061224,Simple Abstractor
14,0.921935,0.7714,0.97326,4,0.04081632653061224,Simple Abstractor
15,0.745565,0.4487,0.927,0,0.061224489795918366,Simple Abstractor
16,0.72817,0.41765,0.91056,1,0.061224489795918366,Simple Abstractor
17,0.744565,0.3894,0.908035,2,0.061224489795918366,Simple Abstractor
18,0.77319,0.50365,0.921705,3,0.061224489795918366,Simple Abstractor
19,0.88778,0.70725,0.964195,4,0.061224489795918366,Simple Abstractor
20,0.62017,0.2052,0.843605,0,0.08163265306122448,Simple Abstractor
21,0.650255,0.30605,0.886825,1,0.08163265306122448,Simple Abstractor
22,0.672345,0.26225,0.857055,2,0.08163265306122448,Simple Abstractor
23,0.803685,0.5317,0.9388,3,0.08163265306122448,Simple Abstractor
24,0.656045,0.2859,0.876985,4,0.08163265306122448,Simple Abstractor
25,0.46681,0.09195,0.78121,0,0.1020408163265306,Simple Abstractor
26,0.679145,0.30185,0.87365,1,0.1020408163265306,Simple Abstractor
27,0.49888,0.10875,0.80173,2,0.1020408163265306,Simple Abstractor
28,0.45259,0.08645,0.776465,3,0.1020408163265306,Simple Abstractor
29,0.51187,0.123,0.788415,4,0.1020408163265306,Simple Abstractor
30,0.519605,0.12005,0.80058,0,0.12244897959183673,Simple Abstractor
31,0.40551,0.04375,0.72183,1,0.12244897959183673,Simple Abstractor
32,0.50919,0.0922,0.77387,2,0.12244897959183673,Simple Abstractor
33,0.409715,0.0721,0.75471,3,0.12244897959183673,Simple Abstractor
34,0.463075,0.06785,0.751405,4,0.12244897959183673,Simple Abstractor
35,0.402205,0.0386,0.709105,0,0.14285714285714285,Simple Abstractor
36,0.32493,0.0197,0.661345,1,0.14285714285714285,Simple Abstractor
37,0.379945,0.0518,0.733045,2,0.14285714285714285,Simple Abstractor
38,0.412305,0.0437,0.714925,3,0.14285714285714285,Simple Abstractor
39,0.412245,0.0354,0.71349,4,0.14285714285714285,Simple Abstractor
40,0.37515,0.0185,0.63545,0,0.16326530612244897,Simple Abstractor
41,0.29031,0.0143,0.654495,1,0.16326530612244897,Simple Abstractor
42,0.38301,0.0255,0.69161,2,0.16326530612244897,Simple Abstractor
43,0.296285,0.00965,0.6389,3,0.16326530612244897,Simple Abstractor
44,0.338685,0.01565,0.668415,4,0.16326530612244897,Simple Abstractor
45,0.363805,0.0422,0.729225,0,0.18367346938775508,Simple Abstractor
46,0.28964,0.00985,0.63441,1,0.18367346938775508,Simple Abstractor
47,0.30654,0.0064,0.622725,2,0.18367346938775508,Simple Abstractor
48,0.314135,0.0132,0.634655,3,0.18367346938775508,Simple Abstractor
49,0.28164,0.00515,0.59004,4,0.18367346938775508,Simple Abstractor
50,0.24391,0.0011,0.53183,0,0.2040816326530612,Simple Abstractor
51,0.279485,0.00735,0.574495,1,0.2040816326530612,Simple Abstractor
52,0.28281,0.00495,0.598385,2,0.2040816326530612,Simple Abstractor
53,0.263525,0.002,0.540275,3,0.2040816326530612,Simple Abstractor
54,0.25744,0.0053,0.58807,4,0.2040816326530612,Simple Abstractor
55,0.268455,0.00165,0.535105,0,0.22448979591836732,Simple Abstractor
56,0.21136,0.00095,0.493565,1,0.22448979591836732,Simple Abstractor
57,0.190885,0.0004,0.483685,2,0.22448979591836732,Simple Abstractor
58,0.276945,0.0046,0.589285,3,0.22448979591836732,Simple Abstractor
59,0.26378,0.0027,0.544325,4,0.22448979591836732,Simple Abstractor
60,0.191895,0.0004,0.467505,0,0.24489795918367346,Simple Abstractor
61,0.21578,0.0006,0.52544,1,0.24489795918367346,Simple Abstractor
62,0.2488,0.00175,0.524455,2,0.24489795918367346,Simple Abstractor
63,0.20605,0.0012,0.486275,3,0.24489795918367346,Simple Abstractor
64,0.18393,0.00035,0.46279,4,0.24489795918367346,Simple Abstractor
65,0.188505,0.0007,0.51134,0,0.26530612244897955,Simple Abstractor
66,0.16316,0.0001,0.41472,1,0.26530612244897955,Simple Abstractor
67,0.19466,0.00025,0.44756,2,0.26530612244897955,Simple Abstractor
68,0.22908,0.00085,0.50776,3,0.26530612244897955,Simple Abstractor
69,0.231585,0.00265,0.543305,4,0.26530612244897955,Simple Abstractor
70,0.19649,0.00025,0.46071,0,0.2857142857142857,Simple Abstractor
71,0.159185,5e-05,0.43454,1,0.2857142857142857,Simple Abstractor
72,0.2152,0.0011,0.51546,2,0.2857142857142857,Simple Abstractor
73,0.173005,0.0001,0.46094,3,0.2857142857142857,Simple Abstractor
74,0.21067,0.00045,0.506545,4,0.2857142857142857,Simple Abstractor
75,0.167365,0.0004,0.472345,0,0.3061224489795918,Simple Abstractor
76,0.142905,5e-05,0.386465,1,0.3061224489795918,Simple Abstractor
77,0.182695,0.0003,0.44146,2,0.3061224489795918,Simple Abstractor
78,0.159155,0.0,0.419055,3,0.3061224489795918,Simple Abstractor
79,0.21345,0.00015,0.462395,4,0.3061224489795918,Simple Abstractor
80,0.249005,0.0008,0.5275,0,0.32653061224489793,Simple Abstractor
81,0.16744,0.0,0.45155,1,0.32653061224489793,Simple Abstractor
82,0.207355,0.00035,0.45126,2,0.32653061224489793,Simple Abstractor
83,0.134235,0.0,0.37907,3,0.32653061224489793,Simple Abstractor
84,0.160025,0.0001,0.431305,4,0.32653061224489793,Simple Abstractor
85,0.162045,0.00015,0.41732,0,0.3469387755102041,Simple Abstractor
86,0.161245,0.0,0.416235,1,0.3469387755102041,Simple Abstractor
87,0.202495,0.00045,0.47215,2,0.3469387755102041,Simple Abstractor
88,0.19144,0.00025,0.45816,3,0.3469387755102041,Simple Abstractor
89,0.20674,0.00035,0.46954,4,0.3469387755102041,Simple Abstractor
90,0.1477,0.0,0.36485,0,0.36734693877551017,Simple Abstractor
91,0.148565,0.0,0.38651,1,0.36734693877551017,Simple Abstractor
92,0.168555,0.00035,0.466995,2,0.36734693877551017,Simple Abstractor
93,0.180535,0.0001,0.437315,3,0.36734693877551017,Simple Abstractor
94,0.200105,0.00035,0.481765,4,0.36734693877551017,Simple Abstractor
95,0.13118,0.0,0.36561,0,0.3877551020408163,Simple Abstractor
96,0.152805,0.0002,0.426855,1,0.3877551020408163,Simple Abstractor
97,0.17413,0.0,0.406955,2,0.3877551020408163,Simple Abstractor
98,0.147555,0.0,0.38356,3,0.3877551020408163,Simple Abstractor
99,0.167175,0.0001,0.420465,4,0.3877551020408163,Simple Abstractor
100,0.16872,0.0,0.409265,0,0.4081632653061224,Simple Abstractor
101,0.137235,0.0,0.36921,1,0.4081632653061224,Simple Abstractor
102,0.15571,0.0,0.357685,2,0.4081632653061224,Simple Abstractor
103,0.1773,0.0,0.44514,3,0.4081632653061224,Simple Abstractor
104,0.13387,5e-05,0.33526,4,0.4081632653061224,Simple Abstractor
105,0.18922,0.0004,0.463545,0,0.42857142857142855,Simple Abstractor
106,0.178,0.0002,0.378305,1,0.42857142857142855,Simple Abstractor
107,0.13589,0.0,0.345305,2,0.42857142857142855,Simple Abstractor
108,0.148115,0.0,0.374695,3,0.42857142857142855,Simple Abstractor
109,0.16509,0.00015,0.395475,4,0.42857142857142855,Simple Abstractor
110,0.181425,0.0001,0.39261,0,0.44897959183673464,Simple Abstractor
111,0.147115,5e-05,0.3919,1,0.44897959183673464,Simple Abstractor
112,0.137915,0.0,0.328665,2,0.44897959183673464,Simple Abstractor
113,0.13635,0.0001,0.336755,3,0.44897959183673464,Simple Abstractor
114,0.152035,5e-05,0.358065,4,0.44897959183673464,Simple Abstractor
115,0.129485,5e-05,0.340205,0,0.4693877551020408,Simple Abstractor
116,0.156975,0.0,0.37931,1,0.4693877551020408,Simple Abstractor
117,0.151385,0.0,0.394945,2,0.4693877551020408,Simple Abstractor
118,0.142485,5e-05,0.365235,3,0.4693877551020408,Simple Abstractor
119,0.133405,0.0,0.37007,4,0.4693877551020408,Simple Abstractor
120,0.150385,0.0,0.376395,0,0.4897959183673469,Simple Abstractor
121,0.14552,0.0,0.388975,1,0.4897959183673469,Simple Abstractor
122,0.16504,0.0,0.384715,2,0.4897959183673469,Simple Abstractor
123,0.14231,0.0,0.375825,3,0.4897959183673469,Simple Abstractor
124,0.13518,0.0,0.380085,4,0.4897959183673469,Simple Abstractor
125,0.15026,0.0,0.37519,0,0.5102040816326531,Simple Abstractor
126,0.153215,0.0,0.402255,1,0.5102040816326531,Simple Abstractor
127,0.126805,0.0,0.349435,2,0.5102040816326531,Simple Abstractor
128,0.15,0.0,0.356155,3,0.5102040816326531,Simple Abstractor
129,0.142485,5e-05,0.329305,4,0.5102040816326531,Simple Abstractor
130,0.157475,0.0,0.39694,0,0.5306122448979591,Simple Abstractor
131,0.14986,0.0,0.364505,1,0.5306122448979591,Simple Abstractor
132,0.159345,0.0,0.390015,2,0.5306122448979591,Simple Abstractor
133,0.14068,0.0,0.40374,3,0.5306122448979591,Simple Abstractor
134,0.160505,5e-05,0.38532,4,0.5306122448979591,Simple Abstractor
135,0.13249,0.0,0.31149,0,0.5510204081632653,Simple Abstractor
136,0.135035,0.0,0.34832,1,0.5510204081632653,Simple Abstractor
137,0.14808,0.0,0.3466,2,0.5510204081632653,Simple Abstractor
138,0.11914,0.0,0.30718,3,0.5510204081632653,Simple Abstractor
139,0.12328,0.0,0.324395,4,0.5510204081632653,Simple Abstractor
140,0.14808,0.0,0.40429,0,0.5714285714285714,Simple Abstractor
141,0.13746,0.0,0.38245,1,0.5714285714285714,Simple Abstractor
142,0.13045,0.0,0.345775,2,0.5714285714285714,Simple Abstractor
143,0.115945,0.0,0.308045,3,0.5714285714285714,Simple Abstractor
144,0.127885,0.0,0.333285,4,0.5714285714285714,Simple Abstractor
145,0.13587,0.0,0.358465,0,0.5918367346938775,Simple Abstractor
146,0.14138,0.0,0.347225,1,0.5918367346938775,Simple Abstractor
147,0.15844,5e-05,0.39155,2,0.5918367346938775,Simple Abstractor
148,0.11782,0.0,0.32772,3,0.5918367346938775,Simple Abstractor
149,0.123035,0.0,0.36825,4,0.5918367346938775,Simple Abstractor
150,0.134045,0.0,0.34687,0,0.6122448979591836,Simple Abstractor
151,0.13179,0.0,0.317285,1,0.6122448979591836,Simple Abstractor
152,0.12205,0.0,0.30886,2,0.6122448979591836,Simple Abstractor
153,0.148885,0.0,0.36187,3,0.6122448979591836,Simple Abstractor
154,0.118415,0.0,0.308675,4,0.6122448979591836,Simple Abstractor
155,0.138335,0.0,0.3357,0,0.6326530612244897,Simple Abstractor
156,0.12461,0.0,0.342015,1,0.6326530612244897,Simple Abstractor
157,0.140345,0.0,0.34887,2,0.6326530612244897,Simple Abstractor
158,0.11759,0.0,0.28137,3,0.6326530612244897,Simple Abstractor
159,0.11261,0.0,0.29748,4,0.6326530612244897,Simple Abstractor
160,0.13179,5e-05,0.33207,0,0.6530612244897959,Simple Abstractor
161,0.13061,0.0,0.33816,1,0.6530612244897959,Simple Abstractor
162,0.11465,0.0,0.347365,2,0.6530612244897959,Simple Abstractor
163,0.1168,0.0,0.27182,3,0.6530612244897959,Simple Abstractor
164,0.127545,0.0,0.32156,4,0.6530612244897959,Simple Abstractor
165,0.122995,0.0,0.294625,0,0.673469387755102,Simple Abstractor
166,0.123875,0.0,0.342565,1,0.673469387755102,Simple Abstractor
167,0.12222,0.0,0.321175,2,0.673469387755102,Simple Abstractor
168,0.10335,0.0,0.281365,3,0.673469387755102,Simple Abstractor
169,0.16712,0.0,0.38223,4,0.673469387755102,Simple Abstractor
170,0.11932,0.0,0.31696,0,0.6938775510204082,Simple Abstractor
171,0.144235,0.0,0.33381,1,0.6938775510204082,Simple Abstractor
172,0.09663,0.0,0.277285,2,0.6938775510204082,Simple Abstractor
173,0.11102,0.0,0.324835,3,0.6938775510204082,Simple Abstractor
174,0.13491,0.0,0.351555,4,0.6938775510204082,Simple Abstractor
175,0.12323,0.0,0.30909,0,0.7142857142857142,Simple Abstractor
176,0.149745,0.0,0.367105,1,0.7142857142857142,Simple Abstractor
177,0.10271,0.0,0.27382,2,0.7142857142857142,Simple Abstractor
178,0.12896,0.0,0.33395,3,0.7142857142857142,Simple Abstractor
179,0.115965,0.0,0.30508,4,0.7142857142857142,Simple Abstractor
180,0.12882,0.0,0.32956,0,0.7346938775510203,Simple Abstractor
181,0.10766,0.0,0.282085,1,0.7346938775510203,Simple Abstractor
182,0.138235,0.0,0.326595,2,0.7346938775510203,Simple Abstractor
183,0.12365,0.0,0.331765,3,0.7346938775510203,Simple Abstractor
184,0.10428,0.0,0.28996,4,0.7346938775510203,Simple Abstractor
185,0.141245,0.0,0.31933,0,0.7551020408163265,Simple Abstractor
186,0.127245,0.0,0.324205,1,0.7551020408163265,Simple Abstractor
187,0.100295,0.0,0.26791,2,0.7551020408163265,Simple Abstractor
188,0.11948,0.0,0.288845,3,0.7551020408163265,Simple Abstractor
189,0.11558,0.0,0.31073,4,0.7551020408163265,Simple Abstractor
190,0.10349,0.0,0.284435,0,0.7755102040816326,Simple Abstractor
191,0.12071,0.0,0.310055,1,0.7755102040816326,Simple Abstractor
192,0.13691,0.0,0.35238,2,0.7755102040816326,Simple Abstractor
193,0.127435,0.0,0.301905,3,0.7755102040816326,Simple Abstractor
194,0.110765,0.0,0.308475,4,0.7755102040816326,Simple Abstractor
195,0.133905,0.0,0.33559,0,0.7959183673469387,Simple Abstractor
196,0.145425,0.0,0.341675,1,0.7959183673469387,Simple Abstractor
197,0.114095,0.0,0.302115,2,0.7959183673469387,Simple Abstractor
198,0.11474,0.0,0.26858,3,0.7959183673469387,Simple Abstractor
199,0.11554,0.0,0.317785,4,0.7959183673469387,Simple Abstractor
200,0.12956,0.0,0.3159,0,0.8163265306122448,Simple Abstractor
201,0.130065,0.0,0.319465,1,0.8163265306122448,Simple Abstractor
202,0.112275,0.0,0.317265,2,0.8163265306122448,Simple Abstractor
203,0.121155,0.0,0.32007,3,0.8163265306122448,Simple Abstractor
204,0.104845,0.0,0.29308,4,0.8163265306122448,Simple Abstractor
205,0.095745,0.0,0.2761,0,0.836734693877551,Simple Abstractor
206,0.111505,0.0,0.313855,1,0.836734693877551,Simple Abstractor
207,0.122855,0.0,0.3141,2,0.836734693877551,Simple Abstractor
208,0.10066,0.0,0.27667,3,0.836734693877551,Simple Abstractor
209,0.101985,0.0,0.28079,4,0.836734693877551,Simple Abstractor
210,0.1173,0.0,0.309735,0,0.8571428571428571,Simple Abstractor
211,0.12202,0.0,0.333135,1,0.8571428571428571,Simple Abstractor
212,0.109155,0.0,0.273635,2,0.8571428571428571,Simple Abstractor
213,0.11768,0.0,0.317155,3,0.8571428571428571,Simple Abstractor
214,0.12544,0.0,0.282165,4,0.8571428571428571,Simple Abstractor
215,0.108145,0.0,0.300045,0,0.8775510204081632,Simple Abstractor
216,0.112415,0.0,0.261895,1,0.8775510204081632,Simple Abstractor
217,0.136485,0.0,0.323795,2,0.8775510204081632,Simple Abstractor
218,0.11651,0.0,0.283765,3,0.8775510204081632,Simple Abstractor
219,0.113875,0.0,0.302,4,0.8775510204081632,Simple Abstractor
220,0.119135,0.0,0.3046,0,0.8979591836734693,Simple Abstractor
221,0.111725,0.0,0.288275,1,0.8979591836734693,Simple Abstractor
222,0.09876,0.0,0.281055,2,0.8979591836734693,Simple Abstractor
223,0.100405,0.0,0.26008,3,0.8979591836734693,Simple Abstractor
224,0.1,0.0,0.28316,4,0.8979591836734693,Simple Abstractor
225,0.115525,0.0,0.290435,0,0.9183673469387754,Simple Abstractor
226,0.11282,0.0,0.298235,1,0.9183673469387754,Simple Abstractor
227,0.11566,0.0,0.31798,2,0.9183673469387754,Simple Abstractor
228,0.10934,0.0,0.260975,3,0.9183673469387754,Simple Abstractor
229,0.13471,0.0,0.310205,4,0.9183673469387754,Simple Abstractor
230,0.104715,0.0,0.27184,0,0.9387755102040816,Simple Abstractor
231,0.117965,0.0,0.315805,1,0.9387755102040816,Simple Abstractor
232,0.10828,0.0,0.299125,2,0.9387755102040816,Simple Abstractor
233,0.11302,0.0,0.3186,3,0.9387755102040816,Simple Abstractor
234,0.113095,0.0,0.29115,4,0.9387755102040816,Simple Abstractor
235,0.128645,0.0,0.34911,0,0.9591836734693877,Simple Abstractor
236,0.117075,0.0,0.309315,1,0.9591836734693877,Simple Abstractor
237,0.101395,0.0,0.28105,2,0.9591836734693877,Simple Abstractor
238,0.110835,0.0,0.314255,3,0.9591836734693877,Simple Abstractor
239,0.10278,0.0,0.272135,4,0.9591836734693877,Simple Abstractor
240,0.10077,5e-05,0.30087,0,0.9795918367346939,Simple Abstractor
241,0.09333,0.0,0.273005,1,0.9795918367346939,Simple Abstractor
242,0.110085,0.0,0.27657,2,0.9795918367346939,Simple Abstractor
243,0.12321,0.0,0.303705,3,0.9795918367346939,Simple Abstractor
244,0.108925,0.0,0.302155,4,0.9795918367346939,Simple Abstractor
245,0.09711,0.0,0.28462,0,1.0,Simple Abstractor
246,0.1228,0.0,0.30801,1,1.0,Simple Abstractor
247,0.103355,0.0,0.287545,2,1.0,Simple Abstractor
248,0.10521,0.0,0.294915,3,1.0,Simple Abstractor
249,0.120235,0.0,0.32537,4,1.0,Simple Abstractor
0,0.998565,0.9934,0.99932,0,0.0,Ablation Model
1,0.998565,0.9934,0.99932,1,0.0,Ablation Model
2,0.998565,0.9934,0.99932,2,0.0,Ablation Model
3,0.998565,0.9934,0.99932,3,0.0,Ablation Model
4,0.998565,0.9934,0.99932,4,0.0,Ablation Model
5,0.99747,0.9881,0.99878,0,0.02040816326530612,Ablation Model
6,0.99757,0.9886,0.998845,1,0.02040816326530612,Ablation Model
7,0.997695,0.9891,0.998885,2,0.02040816326530612,Ablation Model
8,0.998115,0.991,0.999085,3,0.02040816326530612,Ablation Model
9,0.99788,0.9898,0.998965,4,0.02040816326530612,Ablation Model
10,0.994195,0.97175,0.997125,0,0.04081632653061224,Ablation Model
11,0.992085,0.9631,0.996235,1,0.04081632653061224,Ablation Model
12,0.984705,0.92635,0.992485,2,0.04081632653061224,Ablation Model
13,0.99374,0.9701,0.996935,3,0.04081632653061224,Ablation Model
14,0.993985,0.97175,0.997135,4,0.04081632653061224,Ablation Model
15,0.969705,0.86285,0.985225,0,0.061224489795918366,Ablation Model
16,0.982205,0.9155,0.99126,1,0.061224489795918366,Ablation Model
17,0.97278,0.875,0.986835,2,0.061224489795918366,Ablation Model
18,0.969755,0.85885,0.98497,3,0.061224489795918366,Ablation Model
19,0.96424,0.8362,0.982415,4,0.061224489795918366,Ablation Model
20,0.934855,0.72165,0.96929,0,0.08163265306122448,Ablation Model
21,0.964865,0.8462,0.98335,1,0.08163265306122448,Ablation Model
22,0.93045,0.703,0.96612,2,0.08163265306122448,Ablation Model
23,0.97428,0.88235,0.98771,3,0.08163265306122448,Ablation Model
24,0.950465,0.7799,0.975725,4,0.08163265306122448,Ablation Model
25,0.929505,0.7135,0.96709,0,0.1020408163265306,Ablation Model
26,0.92498,0.73565,0.969345,1,0.1020408163265306,Ablation Model
27,0.913895,0.6599,0.96075,2,0.1020408163265306,Ablation Model
28,0.858755,0.4912,0.935285,3,0.1020408163265306,Ablation Model
29,0.89385,0.61955,0.954535,4,0.1020408163265306,Ablation Model
30,0.89308,0.58905,0.95035,0,0.12244897959183673,Ablation Model
31,0.78268,0.37135,0.90282,1,0.12244897959183673,Ablation Model
32,0.69291,0.2456,0.8442,2,0.12244897959183673,Ablation Model
33,0.84302,0.46855,0.92562,3,0.12244897959183673,Ablation Model
34,0.782155,0.3592,0.890345,4,0.12244897959183673,Ablation Model
35,0.684945,0.23815,0.848305,0,0.14285714285714285,Ablation Model
36,0.82531,0.42035,0.919505,1,0.14285714285714285,Ablation Model
37,0.78711,0.36595,0.908815,2,0.14285714285714285,Ablation Model
38,0.672905,0.2022,0.829275,3,0.14285714285714285,Ablation Model
39,0.66387,0.2598,0.874415,4,0.14285714285714285,Ablation Model
40,0.693195,0.22165,0.85495,0,0.16326530612244897,Ablation Model
41,0.55854,0.1432,0.812325,1,0.16326530612244897,Ablation Model
42,0.60895,0.17255,0.825085,2,0.16326530612244897,Ablation Model
43,0.584275,0.19085,0.829985,3,0.16326530612244897,Ablation Model
44,0.548925,0.1382,0.798285,4,0.16326530612244897,Ablation Model
45,0.48077,0.058,0.74174,0,0.18367346938775508,Ablation Model
46,0.563175,0.09075,0.786335,1,0.18367346938775508,Ablation Model
47,0.54755,0.135,0.79745,2,0.18367346938775508,Ablation Model
48,0.624315,0.16515,0.827025,3,0.18367346938775508,Ablation Model
49,0.51611,0.0593,0.7467,4,0.18367346938775508,Ablation Model
50,0.462005,0.0475,0.72827,0,0.2040816326530612,Ablation Model
51,0.452515,0.05395,0.72222,1,0.2040816326530612,Ablation Model
52,0.479245,0.07395,0.69813,2,0.2040816326530612,Ablation Model
53,0.50641,0.0556,0.707515,3,0.2040816326530612,Ablation Model
54,0.47654,0.0571,0.685355,4,0.2040816326530612,Ablation Model
55,0.48414,0.07685,0.763485,0,0.22448979591836732,Ablation Model
56,0.450485,0.04305,0.68679,1,0.22448979591836732,Ablation Model
57,0.438455,0.0415,0.71728,2,0.22448979591836732,Ablation Model
58,0.404135,0.024,0.668135,3,0.22448979591836732,Ablation Model
59,0.3105,0.0081,0.531345,4,0.22448979591836732,Ablation Model
60,0.31721,0.01,0.593875,0,0.24489795918367346,Ablation Model
61,0.414705,0.0269,0.64461,1,0.24489795918367346,Ablation Model
62,0.40198,0.0407,0.732255,2,0.24489795918367346,Ablation Model
63,0.397435,0.02215,0.65254,3,0.24489795918367346,Ablation Model
64,0.40699,0.02305,0.69049,4,0.24489795918367346,Ablation Model
65,0.287575,0.0063,0.5403,0,0.26530612244897955,Ablation Model
66,0.305105,0.0039,0.54204,1,0.26530612244897955,Ablation Model
67,0.30832,0.006,0.54018,2,0.26530612244897955,Ablation Model
68,0.36883,0.01115,0.611785,3,0.26530612244897955,Ablation Model
69,0.331945,0.00865,0.59882,4,0.26530612244897955,Ablation Model
70,0.31727,0.0059,0.581865,0,0.2857142857142857,Ablation Model
71,0.288085,0.0039,0.515785,1,0.2857142857142857,Ablation Model
72,0.272865,0.001,0.53713,2,0.2857142857142857,Ablation Model
73,0.28886,0.00445,0.507715,3,0.2857142857142857,Ablation Model
74,0.262265,0.00155,0.52345,4,0.2857142857142857,Ablation Model
75,0.289845,0.0046,0.558595,0,0.3061224489795918,Ablation Model
76,0.326875,0.00565,0.57622,1,0.3061224489795918,Ablation Model
77,0.307385,0.00345,0.51918,2,0.3061224489795918,Ablation Model
78,0.217035,0.0004,0.454545,3,0.3061224489795918,Ablation Model
79,0.25208,0.0009,0.50598,4,0.3061224489795918,Ablation Model
80,0.360775,0.01025,0.60618,0,0.32653061224489793,Ablation Model
81,0.27302,0.00155,0.500255,1,0.32653061224489793,Ablation Model
82,0.232725,0.0012,0.46988,2,0.32653061224489793,Ablation Model
83,0.265345,0.0021,0.505495,3,0.32653061224489793,Ablation Model
84,0.2421,0.0007,0.481075,4,0.32653061224489793,Ablation Model
85,0.22267,0.0004,0.45094,0,0.3469387755102041,Ablation Model
86,0.22007,0.0003,0.443655,1,0.3469387755102041,Ablation Model
87,0.24406,0.00125,0.52157,2,0.3469387755102041,Ablation Model
88,0.29009,0.00395,0.5386,3,0.3469387755102041,Ablation Model
89,0.259935,0.0018,0.48317,4,0.3469387755102041,Ablation Model
90,0.18548,0.0002,0.417185,0,0.36734693877551017,Ablation Model
91,0.227075,0.00015,0.4373,1,0.36734693877551017,Ablation Model
92,0.205155,0.0002,0.449555,2,0.36734693877551017,Ablation Model
93,0.192355,0.0001,0.42401,3,0.36734693877551017,Ablation Model
94,0.244215,0.0009,0.47836,4,0.36734693877551017,Ablation Model
95,0.194155,0.00015,0.40648,0,0.3877551020408163,Ablation Model
96,0.18528,5e-05,0.38477,1,0.3877551020408163,Ablation Model
97,0.207395,0.0002,0.40082,2,0.3877551020408163,Ablation Model
98,0.224355,0.00045,0.438825,3,0.3877551020408163,Ablation Model
99,0.22799,0.00055,0.471155,4,0.3877551020408163,Ablation Model
100,0.214905,0.0,0.433885,0,0.4081632653061224,Ablation Model
101,0.219355,0.0003,0.42071,1,0.4081632653061224,Ablation Model
102,0.17999,0.0001,0.401875,2,0.4081632653061224,Ablation Model
103,0.215525,0.0003,0.442345,3,0.4081632653061224,Ablation Model
104,0.19928,0.00035,0.46875,4,0.4081632653061224,Ablation Model
105,0.16923,5e-05,0.374475,0,0.42857142857142855,Ablation Model
106,0.17997,0.0001,0.36716,1,0.42857142857142855,Ablation Model
107,0.168945,5e-05,0.362475,2,0.42857142857142855,Ablation Model
108,0.17071,0.0,0.396835,3,0.42857142857142855,Ablation Model
109,0.2082,0.0002,0.43477,4,0.42857142857142855,Ablation Model
110,0.182565,5e-05,0.39516,0,0.44897959183673464,Ablation Model
111,0.227885,0.0003,0.449445,1,0.44897959183673464,Ablation Model
112,0.179135,5e-05,0.41219,2,0.44897959183673464,Ablation Model
113,0.159025,0.0,0.367655,3,0.44897959183673464,Ablation Model
114,0.215885,0.00015,0.43142,4,0.44897959183673464,Ablation Model
115,0.178395,5e-05,0.39365,0,0.4693877551020408,Ablation Model
116,0.143415,0.0001,0.36735,1,0.4693877551020408,Ablation Model
117,0.20105,0.00035,0.412695,2,0.4693877551020408,Ablation Model
118,0.16801,5e-05,0.37717,3,0.4693877551020408,Ablation Model
119,0.16109,0.0,0.38291,4,0.4693877551020408,Ablation Model
120,0.168405,0.0,0.379165,0,0.4897959183673469,Ablation Model
121,0.141615,0.0,0.35364,1,0.4897959183673469,Ablation Model
122,0.179615,0.0,0.393875,2,0.4897959183673469,Ablation Model
123,0.153645,5e-05,0.37353,3,0.4897959183673469,Ablation Model
124,0.178605,5e-05,0.404985,4,0.4897959183673469,Ablation Model
125,0.18515,0.0001,0.405935,0,0.5102040816326531,Ablation Model
126,0.12767,0.0,0.333465,1,0.5102040816326531,Ablation Model
127,0.16601,5e-05,0.38834,2,0.5102040816326531,Ablation Model
128,0.17297,5e-05,0.408955,3,0.5102040816326531,Ablation Model
129,0.211825,0.00035,0.45555,4,0.5102040816326531,Ablation Model
130,0.12273,0.0,0.314405,0,0.5306122448979591,Ablation Model
131,0.17038,5e-05,0.3634,1,0.5306122448979591,Ablation Model
132,0.18524,5e-05,0.379885,2,0.5306122448979591,Ablation Model
133,0.1579,0.0,0.37693,3,0.5306122448979591,Ablation Model
134,0.17019,5e-05,0.3844,4,0.5306122448979591,Ablation Model
135,0.16943,0.0,0.36667,0,0.5510204081632653,Ablation Model
136,0.14131,5e-05,0.33007,1,0.5510204081632653,Ablation Model
137,0.138765,0.0,0.326015,2,0.5510204081632653,Ablation Model
138,0.15868,5e-05,0.38144,3,0.5510204081632653,Ablation Model
139,0.16742,0.0,0.36379,4,0.5510204081632653,Ablation Model
140,0.167765,5e-05,0.37553,0,0.5714285714285714,Ablation Model
141,0.150975,0.0,0.3528,1,0.5714285714285714,Ablation Model
142,0.152175,0.0,0.34817,2,0.5714285714285714,Ablation Model
143,0.14525,5e-05,0.33839,3,0.5714285714285714,Ablation Model
144,0.15061,0.0,0.356685,4,0.5714285714285714,Ablation Model
145,0.15092,5e-05,0.370395,0,0.5918367346938775,Ablation Model
146,0.146715,0.0,0.346595,1,0.5918367346938775,Ablation Model
147,0.134235,0.0,0.333765,2,0.5918367346938775,Ablation Model
148,0.18321,5e-05,0.401765,3,0.5918367346938775,Ablation Model
149,0.12651,0.0,0.320995,4,0.5918367346938775,Ablation Model
150,0.162645,0.0,0.3688,0,0.6122448979591836,Ablation Model
151,0.178835,0.00015,0.427065,1,0.6122448979591836,Ablation Model
152,0.138345,0.0,0.32996,2,0.6122448979591836,Ablation Model
153,0.128155,0.0,0.324925,3,0.6122448979591836,Ablation Model
154,0.143235,0.0,0.362365,4,0.6122448979591836,Ablation Model
155,0.12315,0.0,0.32629,0,0.6326530612244897,Ablation Model
156,0.14567,0.0,0.366105,1,0.6326530612244897,Ablation Model
157,0.13398,0.0,0.333795,2,0.6326530612244897,Ablation Model
158,0.137885,0.0,0.329535,3,0.6326530612244897,Ablation Model
159,0.14905,0.0,0.35802,4,0.6326530612244897,Ablation Model
160,0.151795,5e-05,0.355875,0,0.6530612244897959,Ablation Model
161,0.140705,0.0,0.33664,1,0.6530612244897959,Ablation Model
162,0.11672,0.0,0.311975,2,0.6530612244897959,Ablation Model
163,0.12394,0.0,0.326525,3,0.6530612244897959,Ablation Model
164,0.139075,0.0,0.34081,4,0.6530612244897959,Ablation Model
165,0.135945,0.0,0.335975,0,0.673469387755102,Ablation Model
166,0.14003,0.0,0.350215,1,0.673469387755102,Ablation Model
167,0.1268,0.0,0.313075,2,0.673469387755102,Ablation Model
168,0.11501,0.0,0.29712,3,0.673469387755102,Ablation Model
169,0.134665,0.0,0.344525,4,0.673469387755102,Ablation Model
170,0.137625,0.0,0.343125,0,0.6938775510204082,Ablation Model
171,0.145775,5e-05,0.35129,1,0.6938775510204082,Ablation Model
172,0.146775,0.0,0.348855,2,0.6938775510204082,Ablation Model
173,0.156985,0.0,0.376425,3,0.6938775510204082,Ablation Model
174,0.134335,0.0,0.32622,4,0.6938775510204082,Ablation Model
175,0.12368,0.0,0.321645,0,0.7142857142857142,Ablation Model
176,0.135425,0.0,0.32668,1,0.7142857142857142,Ablation Model
177,0.125185,0.0,0.32438,2,0.7142857142857142,Ablation Model
178,0.162185,0.0,0.37134,3,0.7142857142857142,Ablation Model
179,0.14817,0.0,0.341385,4,0.7142857142857142,Ablation Model
180,0.13003,0.0,0.317415,0,0.7346938775510203,Ablation Model
181,0.121975,0.0,0.33253,1,0.7346938775510203,Ablation Model
182,0.14816,0.0,0.34816,2,0.7346938775510203,Ablation Model
183,0.13256,0.0,0.33947,3,0.7346938775510203,Ablation Model
184,0.121225,0.0,0.30472,4,0.7346938775510203,Ablation Model
185,0.14313,0.0,0.350785,0,0.7551020408163265,Ablation Model
186,0.11447,0.0,0.304555,1,0.7551020408163265,Ablation Model
187,0.141135,5e-05,0.342935,2,0.7551020408163265,Ablation Model
188,0.10955,0.0,0.292755,3,0.7551020408163265,Ablation Model
189,0.131485,0.0,0.334005,4,0.7551020408163265,Ablation Model
190,0.124415,0.0,0.32243,0,0.7755102040816326,Ablation Model
191,0.141085,0.0,0.3367,1,0.7755102040816326,Ablation Model
192,0.11933,0.0,0.309035,2,0.7755102040816326,Ablation Model
193,0.12193,0.0,0.32418,3,0.7755102040816326,Ablation Model
194,0.121915,0.0,0.31753,4,0.7755102040816326,Ablation Model
195,0.114535,0.0,0.30983,0,0.7959183673469387,Ablation Model
196,0.141445,0.0,0.35069,1,0.7959183673469387,Ablation Model
197,0.113915,0.0,0.303945,2,0.7959183673469387,Ablation Model
198,0.118035,0.0,0.312465,3,0.7959183673469387,Ablation Model
199,0.12613,0.0,0.33062,4,0.7959183673469387,Ablation Model
200,0.105015,0.0,0.29812,0,0.8163265306122448,Ablation Model
201,0.123065,0.0,0.3207,1,0.8163265306122448,Ablation Model
202,0.133065,0.0,0.33502,2,0.8163265306122448,Ablation Model
203,0.10932,0.0,0.301645,3,0.8163265306122448,Ablation Model
204,0.119215,0.0,0.311705,4,0.8163265306122448,Ablation Model
205,0.12722,0.0,0.327625,0,0.836734693877551,Ablation Model
206,0.119445,0.0,0.32602,1,0.836734693877551,Ablation Model
207,0.10833,0.0,0.294275,2,0.836734693877551,Ablation Model
208,0.12209,0.0,0.326865,3,0.836734693877551,Ablation Model
209,0.12812,0.0,0.32638,4,0.836734693877551,Ablation Model
210,0.11421,0.0,0.315865,0,0.8571428571428571,Ablation Model
211,0.1062,0.0,0.286805,1,0.8571428571428571,Ablation Model
212,0.11222,0.0,0.3056,2,0.8571428571428571,Ablation Model
213,0.122245,0.0,0.312235,3,0.8571428571428571,Ablation Model
214,0.122205,0.0,0.31624,4,0.8571428571428571,Ablation Model
215,0.11383,0.0,0.312895,0,0.8775510204081632,Ablation Model
216,0.11151,0.0,0.29938,1,0.8775510204081632,Ablation Model
217,0.12113,0.0,0.308465,2,0.8775510204081632,Ablation Model
218,0.114005,0.0,0.304225,3,0.8775510204081632,Ablation Model
219,0.110345,0.0,0.299105,4,0.8775510204081632,Ablation Model
220,0.130745,5e-05,0.336995,0,0.8979591836734693,Ablation Model
221,0.106515,0.0,0.3046,1,0.8979591836734693,Ablation Model
222,0.123965,0.0,0.325525,2,0.8979591836734693,Ablation Model
223,0.117325,5e-05,0.30137,3,0.8979591836734693,Ablation Model
224,0.1295,0.0,0.34047,4,0.8979591836734693,Ablation Model
225,0.103745,0.0,0.2878,0,0.9183673469387754,Ablation Model
226,0.126165,0.0,0.32013,1,0.9183673469387754,Ablation Model
227,0.11759,0.0,0.31345,2,0.9183673469387754,Ablation Model
228,0.109185,0.0,0.301185,3,0.9183673469387754,Ablation Model
229,0.120665,0.0,0.31298,4,0.9183673469387754,Ablation Model
230,0.11359,0.0,0.31324,0,0.9387755102040816,Ablation Model
231,0.10959,0.0,0.30383,1,0.9387755102040816,Ablation Model
232,0.13075,0.0,0.331355,2,0.9387755102040816,Ablation Model
233,0.12198,0.0,0.31666,3,0.9387755102040816,Ablation Model
234,0.11849,0.0,0.309875,4,0.9387755102040816,Ablation Model
235,0.118825,0.0,0.32002,0,0.9591836734693877,Ablation Model
236,0.10794,0.0,0.294555,1,0.9591836734693877,Ablation Model
237,0.111475,0.0,0.304825,2,0.9591836734693877,Ablation Model
238,0.11334,0.0,0.29433,3,0.9591836734693877,Ablation Model
239,0.12365,0.0,0.32217,4,0.9591836734693877,Ablation Model
240,0.11267,0.0,0.297595,0,0.9795918367346939,Ablation Model
241,0.107985,0.0,0.29507,1,0.9795918367346939,Ablation Model
242,0.11196,0.0,0.287575,2,0.9795918367346939,Ablation Model
243,0.11371,0.0,0.303065,3,0.9795918367346939,Ablation Model
244,0.115085,0.0,0.304195,4,0.9795918367346939,Ablation Model
245,0.126375,0.0,0.321815,0,1.0,Ablation Model
246,0.112325,0.0,0.293925,1,1.0,Ablation Model
247,0.107605,0.0,0.304465,2,1.0,Ablation Model
248,0.11476,0.0,0.313625,3,1.0,Ablation Model
249,0.09747,0.0,0.28248,4,1.0,Ablation Model
